id,volume,country,master
0,17.2,Bouvet Island,101
1,99.9,Uzbekistan,52
2,59.6,Brazil,106
3,40.7,Madagascar,52
4,46.7,Greece,75
5,6.1,Bahrain,189
6,1.3,Senegal,98
7,3.6,South Sudan,32
8,13.1,Gambia,125
9,94.6,Yemen,15
10,76.1,Niger,133
11,89.7,Isle of Man,68
12,71.1,Guyana,155
13,37.8,Suriname,125
14,75.4,Namibia,61
15,20.4,Namibia,177
16,19.9,Uganda,37
17,16.1,Netherlands,168
18,24.5,Lesotho,24
19,98.9,Argentina,40
20,44.0,"Virgin Islands, U.S.",89
21,40.5,Tonga,87
22,30.1,United States Minor Outlying Islands,76
23,94.5,"Virgin Islands, U.S.",172
24,57.0,France,36
25,68.4,Norway,100
26,1.8,Saint Vincent and the Grenadines,48
27,41.4,Norway,103
28,19.8,Bulgaria,131
29,71.3,Cyprus,74
30,15.8,Guatemala,128
31,43.8,"Tanzania, United Republic of",193
32,11.5,Papua New Guinea,50
33,12.1,"Micronesia, Federated States of",166
34,49.0,Saint Kitts and Nevis,151
35,27.8,Austria,82
36,62.8,Viet Nam,155
37,94.2,Aruba,113
38,56.6,Monaco,6
39,69.1,Indonesia,16
40,9.5,Monaco,58
41,78.4,Qatar,189
42,16.4,"Tanzania, United Republic of",87
43,4.6,Saint Pierre and Miquelon,159
44,32.0,Ghana,164
45,61.3,Honduras,141
46,12.3,Mozambique,147
47,93.4,Israel,79
48,91.5,Central African Republic,76
49,13.5,Syrian Arab Republic,30
50,6.8,New Zealand,0
51,47.2,Puerto Rico,181
52,33.1,Lao People's Democratic Republic,16
53,77.9,Northern Mariana Islands,152
54,82.1,Kiribati,100
55,86.5,India,103
56,22.3,Costa Rica,80
57,4.2,British Indian Ocean Territory,127
58,29.4,"Congo, The Democratic Republic of the",196
59,95.9,Sierra Leone,145
60,20.9,Slovenia,192
61,20.0,"Bolivia, Plurinational State of",102
62,89.2,Ghana,178
63,59.9,Nicaragua,124
64,70.7,Croatia,128
65,38.0,Martinique,164
66,62.9,Cameroon,151
67,23.3,Kuwait,75
68,55.7,Wallis and Futuna,164
69,3.4,Ireland,132
70,90.1,Kuwait,122
71,77.8,Kuwait,61
72,29.9,Cabo Verde,142
73,69.8,Antigua and Barbuda,155
74,93.2,Monaco,64
75,37.8,Romania,13
76,88.9,Guyana,148
77,79.2,Belarus,1
78,11.7,Belarus,148
79,84.4,Liberia,169
80,83.8,Panama,156
81,94.6,Christmas Island,1
82,41.9,Estonia,99
83,57.4,Ecuador,89
84,56.4,Wallis and Futuna,1
85,16.6,Denmark,172
86,23.6,Mozambique,170
87,27.5,Martinique,111
88,65.2,Mauritania,38
89,89.4,"Moldova, Republic of",14
90,20.0,Panama,54
91,41.9,Argentina,58
92,27.6,Trinidad and Tobago,167
93,19.7,Sudan,87
94,57.4,Mongolia,134
95,14.9,Norway,98
96,63.2,Liechtenstein,178
97,11.4,Papua New Guinea,26
98,79.7,Austria,63
99,60.0,Macao,5
100,17.2,Tonga,30
101,12.1,Western Sahara,95
102,36.9,Somalia,194
103,17.8,"Palestine, State of",44
104,58.2,Bahamas,24
105,20.3,Bulgaria,19
106,6.9,Kazakhstan,179
107,73.0,Faroe Islands,77
108,58.8,Philippines,62
109,13.2,Åland Islands,96
110,84.5,Bulgaria,120
111,78.9,Malawi,41
112,62.2,Bosnia and Herzegovina,27
113,98.0,Bhutan,24
114,69.9,Namibia,135
115,23.3,Gabon,70
116,41.7,Azerbaijan,96
117,44.0,Lao People's Democratic Republic,110
118,5.4,Guinea-Bissau,18
119,9.5,Hong Kong,70
120,60.6,Samoa,178
121,58.8,New Caledonia,86
122,45.7,Iceland,134
123,27.5,Viet Nam,96
124,49.9,"Taiwan, Province of China",51
125,44.5,New Zealand,16
126,62.8,Sri Lanka,185
127,50.2,Isle of Man,74
128,47.2,Brazil,37
129,66.5,Spain,162
130,84.4,Western Sahara,100
131,9.3,Senegal,164
132,67.0,Sudan,12
133,2.6,Slovenia,39
134,93.7,Turkey,73
135,54.9,Qatar,69
136,97.3,Tokelau,126
137,1.2,Cayman Islands,120
138,90.1,Ecuador,132
139,63.9,Benin,45
140,50.5,Argentina,24
141,56.8,Serbia,51
142,62.6,Lithuania,123
143,60.4,Malawi,89
144,31.0,Nepal,101
145,35.6,Hungary,61
146,58.2,Cocos (Keeling) Islands,76
147,60.8,Montserrat,192
148,47.3,Niger,96
149,68.3,Tonga,88
150,51.3,Mongolia,70
151,67.0,"Bonaire, Sint Eustatius and Saba",126
152,30.9,Sao Tome and Principe,97
153,10.7,Togo,16
154,67.7,Bhutan,4
155,70.0,Réunion,41
156,33.1,Svalbard and Jan Mayen,140
157,54.0,Belgium,2
158,59.7,Belarus,65
159,98.0,Bermuda,6
160,51.3,Chile,62
161,47.2,Monaco,146
162,4.6,Senegal,195
163,20.2,"Bolivia, Plurinational State of",55
164,28.2,Kyrgyzstan,123
165,17.8,Mali,43
166,13.7,Cabo Verde,129
167,25.5,Saint Kitts and Nevis,170
168,60.3,Latvia,19
169,95.5,"Taiwan, Province of China",91
170,75.3,Tajikistan,64
171,20.3,Canada,122
172,73.2,Cook Islands,144
173,89.1,Congo,150
174,41.9,Gambia,18
175,88.0,United Kingdom,27
176,74.5,Trinidad and Tobago,139
177,12.6,Saudi Arabia,56
178,17.1,"Tanzania, United Republic of",2
179,9.8,Papua New Guinea,124
180,40.9,Palau,117
181,8.9,Niger,119
182,86.8,Australia,130
183,29.8,Slovakia,145
184,79.6,Western Sahara,187
185,6.8,Mexico,28
186,62.4,Trinidad and Tobago,8
187,96.2,Kenya,84
188,8.4,"Saint Helena, Ascension and Tristan da Cunha",195
189,6.8,Slovakia,186
190,73.0,Turkmenistan,78
191,35.9,Estonia,194
192,74.3,Germany,44
193,14.2,Paraguay,139
194,22.1,Nigeria,80
195,54.1,Eswatini,95
196,47.9,Mongolia,35
197,52.3,Bahrain,15
198,83.3,"Virgin Islands, U.S.",195
199,26.3,Turks and Caicos Islands,109
200,7.1,Rwanda,183
201,5.6,Mexico,175
202,7.2,United States Minor Outlying Islands,11
203,57.5,Oman,174
204,15.3,Ecuador,8
205,65.1,Sri Lanka,196
206,65.3,Papua New Guinea,43
207,55.3,Estonia,195
208,6.0,Madagascar,42
209,40.7,Monaco,80
210,96.1,Nigeria,102
211,76.3,Italy,190
212,87.6,Maldives,15
213,60.2,Christmas Island,99
214,91.9,Senegal,190
215,92.3,Uruguay,117
216,22.8,Chad,118
217,60.9,Guatemala,108
218,93.2,Norfolk Island,72
219,96.9,Mali,114
220,29.1,Ethiopia,44
221,90.3,Qatar,145
222,10.8,Nepal,56
223,23.7,Honduras,85
224,6.1,Aruba,71
225,94.8,Belize,32
226,4.9,Myanmar,167
227,15.2,Côte d'Ivoire,117
228,65.5,Tajikistan,168
229,60.3,Isle of Man,192
230,23.7,Sint Maarten (Dutch part),74
231,58.5,Belarus,38
232,18.4,"Korea, Democratic People's Republic of",179
233,78.4,Paraguay,94
234,43.4,Norway,169
235,34.2,Uruguay,160
236,75.7,Papua New Guinea,144
237,1.2,French Southern Territories,107
238,55.7,Svalbard and Jan Mayen,98
239,71.6,Puerto Rico,103
240,44.7,Hong Kong,105
241,66.3,Uzbekistan,100
242,25.5,Curaçao,6
243,18.1,Norway,84
244,22.1,Somalia,104
245,11.6,Lithuania,92
246,95.3,"Palestine, State of",101
247,39.5,Lao People's Democratic Republic,142
248,14.3,"Virgin Islands, British",177
249,52.8,Andorra,108
250,65.7,Egypt,142
251,15.7,Turkey,125
252,55.5,Sint Maarten (Dutch part),194
253,33.1,Singapore,199
254,50.3,Djibouti,90
255,63.7,Guernsey,145
256,86.5,Mali,87
257,4.2,Uzbekistan,157
258,98.4,Bermuda,188
259,96.4,Jamaica,166
260,22.0,"Saint Helena, Ascension and Tristan da Cunha",23
261,95.4,Holy See (Vatican City State),139
262,38.9,San Marino,174
263,44.1,Zimbabwe,141
264,17.3,Bulgaria,195
265,25.0,Cook Islands,138
266,43.9,Iraq,143
267,32.7,Sint Maarten (Dutch part),156
268,42.0,Saint Barthélemy,36
269,86.1,Cambodia,193
270,21.3,Australia,46
271,46.9,Kazakhstan,57
272,43.8,Kenya,19
273,86.0,Fiji,168
274,82.5,Georgia,45
275,35.2,Belgium,108
276,36.8,Bouvet Island,60
277,20.2,New Zealand,6
278,23.0,Turkey,169
279,37.7,Anguilla,119
280,32.0,Germany,76
281,50.5,Afghanistan,99
282,29.6,San Marino,11
283,89.2,Cameroon,124
284,89.9,Lithuania,66
285,44.6,Jordan,157
286,24.0,Israel,74
287,92.4,Jordan,20
288,73.9,Saint Pierre and Miquelon,186
289,61.9,Equatorial Guinea,161
290,19.5,Ethiopia,141
291,48.1,Iraq,90
292,20.1,Estonia,124
293,91.2,Sri Lanka,165
294,65.4,Djibouti,52
295,78.7,Cabo Verde,24
296,47.6,Malawi,47
297,11.2,Kazakhstan,38
298,56.3,Svalbard and Jan Mayen,59
299,48.1,Uganda,78
300,75.6,Cambodia,164
301,28.5,Bangladesh,111
302,7.5,Palau,4
303,71.2,Djibouti,114
304,16.7,Poland,99
305,42.0,San Marino,92
306,90.8,Cayman Islands,125
307,60.0,El Salvador,133
308,98.6,Comoros,117
309,79.5,Jamaica,96
310,3.9,South Georgia and the South Sandwich Islands,76
311,46.5,Mayotte,139
312,100.0,Poland,45
313,95.8,Saint Pierre and Miquelon,140
314,90.9,Northern Mariana Islands,155
315,20.1,Iceland,178
316,51.8,Kiribati,128
317,95.6,Costa Rica,125
318,56.6,French Polynesia,123
319,19.3,"Bolivia, Plurinational State of",189
320,66.4,Canada,66
321,29.5,Ethiopia,48
322,98.6,Uganda,56
323,68.6,British Indian Ocean Territory,177
324,74.5,United Kingdom,64
325,3.6,Madagascar,199
326,73.1,Central African Republic,53
327,68.9,Georgia,81
328,13.0,Portugal,70
329,41.6,Seychelles,182
330,74.4,Bangladesh,57
331,45.1,Gabon,90
332,84.4,French Southern Territories,33
333,9.1,Egypt,32
334,46.2,United Kingdom,22
335,89.1,Norway,84
336,34.6,"Virgin Islands, British",185
337,75.0,Turkey,87
338,23.7,Montserrat,153
339,71.8,Cook Islands,165
340,54.3,Thailand,169
341,54.4,Heard Island and McDonald Islands,8
342,29.2,Uruguay,152
343,61.1,Niue,134
344,38.1,Equatorial Guinea,72
345,19.9,Suriname,10
346,64.1,India,127
347,27.3,Guadeloupe,158
348,40.6,China,168
349,54.0,Tajikistan,129
350,42.4,Belgium,2
351,20.3,North Macedonia,58
352,6.8,Turkey,190
353,17.4,Mayotte,151
354,32.2,Western Sahara,15
355,74.6,Åland Islands,25
356,77.2,Guinea-Bissau,89
357,15.8,Serbia,140
358,41.6,Djibouti,12
359,79.8,Qatar,140
360,3.0,Spain,75
361,66.4,Afghanistan,9
362,11.7,Jersey,169
363,75.5,Denmark,98
364,4.3,Peru,22
365,9.2,Angola,117
366,64.9,Costa Rica,166
367,1.9,French Southern Territories,85
368,77.2,Timor-Leste,90
369,77.0,Denmark,3
370,87.5,Brunei Darussalam,113
371,38.7,Kazakhstan,98
372,7.3,Macao,43
373,54.1,New Caledonia,86
374,96.5,Algeria,40
375,74.0,Niue,122
376,90.2,Qatar,0
377,53.1,Namibia,99
378,49.6,Finland,39
379,75.2,Guatemala,191
380,63.2,Tuvalu,119
381,11.0,Lithuania,61
382,25.8,Indonesia,14
383,77.3,Saudi Arabia,143
384,55.5,Andorra,30
385,75.7,Christmas Island,102
386,77.1,Heard Island and McDonald Islands,108
387,51.6,Hungary,6
388,95.5,Burkina Faso,51
389,86.2,Yemen,115
390,37.0,Sao Tome and Principe,176
391,15.3,French Polynesia,105
392,22.2,Panama,43
393,99.1,"Saint Helena, Ascension and Tristan da Cunha",127
394,9.1,Curaçao,25
395,34.7,Guinea,128
396,51.5,Uzbekistan,114
397,10.4,Mauritania,88
398,99.0,Bhutan,35
399,37.8,Samoa,83
400,20.1,Papua New Guinea,171
401,14.8,Sweden,190
402,66.0,Afghanistan,189
403,79.1,Greece,150
404,5.2,Poland,123
405,21.7,Svalbard and Jan Mayen,90
406,28.5,Dominica,152
407,69.2,Slovakia,46
408,96.4,San Marino,6
409,90.1,Tokelau,134
410,55.1,Thailand,21
411,31.3,Togo,10
412,48.9,Belarus,43
413,80.7,Colombia,120
414,87.2,Tunisia,81
415,46.2,Puerto Rico,180
416,18.6,Macao,24
417,77.8,Antarctica,12
418,81.0,Panama,72
419,37.3,Honduras,61
420,73.0,Bangladesh,183
421,59.4,Finland,171
422,61.0,Finland,9
423,18.5,Montenegro,80
424,90.2,Oman,19
425,76.3,Panama,106
426,27.8,Isle of Man,46
427,19.7,Northern Mariana Islands,41
428,76.5,Malawi,118
429,54.1,Saint Barthélemy,141
430,34.5,Kuwait,59
431,65.4,Maldives,75
432,86.8,Belize,161
433,17.7,Zambia,41
434,76.3,India,193
435,98.2,Georgia,25
436,15.6,Nicaragua,196
437,6.4,Bouvet Island,117
438,60.9,Philippines,130
439,15.9,Liechtenstein,57
440,22.5,Colombia,137
441,36.6,Namibia,2
442,50.6,Wallis and Futuna,96
443,26.0,Mauritania,34
444,45.1,Uzbekistan,74
445,84.3,Cocos (Keeling) Islands,171
446,94.2,Christmas Island,112
447,60.3,Yemen,154
448,42.7,Morocco,74
449,48.8,Japan,58
450,98.0,Guinea,146
451,11.2,Faroe Islands,174
452,4.9,Guernsey,182
453,69.4,Mozambique,73
454,49.0,Thailand,98
455,32.1,Cayman Islands,69
456,21.8,Viet Nam,172
457,22.1,Monaco,172
458,90.8,Slovenia,155
459,81.2,Cuba,64
460,46.7,Uzbekistan,76
461,81.2,Lithuania,118
462,88.7,Wallis and Futuna,17
463,30.9,Palau,9
464,19.9,Ukraine,61
465,41.2,Guyana,181
466,89.4,Iceland,3
467,83.2,Gambia,10
468,7.3,Maldives,65
469,9.4,Senegal,63
470,87.1,Montenegro,184
471,81.3,Cuba,136
472,4.6,Belize,22
473,36.0,El Salvador,32
474,13.1,Cuba,165
475,28.1,Burkina Faso,198
476,76.4,Serbia,156
477,4.2,San Marino,127
478,22.0,Ireland,118
479,46.1,Montenegro,129
480,93.8,Marshall Islands,43
481,59.0,Equatorial Guinea,130
482,16.6,Gibraltar,148
483,43.4,Morocco,37
484,20.0,Jersey,112
485,56.8,"Virgin Islands, U.S.",20
486,68.4,Malaysia,193
487,28.0,Burkina Faso,178
488,77.3,Afghanistan,54
489,45.2,United States,77
490,76.3,Cayman Islands,87
491,5.5,China,82
492,56.5,France,84
493,69.1,Seychelles,132
494,32.3,Oman,18
495,42.3,Jamaica,37
496,82.7,Morocco,138
497,7.8,Italy,149
498,58.3,Bermuda,63
499,65.0,British Indian Ocean Territory,97
500,51.5,Serbia,111
501,61.1,Pakistan,96
502,54.9,Turkmenistan,121
503,86.9,Turkmenistan,103
504,42.1,Kenya,10
505,82.5,"Virgin Islands, British",97
506,47.3,Bulgaria,78
507,2.5,South Sudan,64
508,35.7,Luxembourg,172
509,73.3,Sri Lanka,86
510,41.6,Maldives,127
511,30.8,Indonesia,113
512,36.6,Nepal,12
513,37.5,Oman,184
514,31.9,Cuba,185
515,56.6,Barbados,175
516,81.4,"Moldova, Republic of",107
517,62.3,Heard Island and McDonald Islands,87
518,74.3,Costa Rica,176
519,3.5,Honduras,12
520,56.6,Suriname,139
521,68.6,"Bonaire, Sint Eustatius and Saba",169
522,76.2,Guatemala,84
523,60.1,Spain,103
524,16.1,Libya,175
525,26.6,Saint Vincent and the Grenadines,100
526,85.0,Kazakhstan,66
527,18.9,Qatar,94
528,80.7,Kazakhstan,110
529,21.6,Bulgaria,63
530,8.5,Guyana,3
531,87.9,United States,132
532,95.9,Saudi Arabia,63
533,97.3,Sri Lanka,179
534,17.0,Dominica,20
535,88.7,South Sudan,26
536,23.3,Seychelles,135
537,36.5,Sierra Leone,172
538,79.7,Monaco,124
539,25.7,Iraq,46
540,96.2,Guinea,105
541,65.9,Czechia,67
542,96.8,Honduras,157
543,53.4,South Sudan,196
544,63.9,Chad,119
545,70.3,Eswatini,184
546,29.2,Mauritania,147
547,16.2,Somalia,70
548,19.3,Bahrain,35
549,69.0,Solomon Islands,133
550,47.6,Monaco,23
551,85.2,Egypt,24
552,31.2,Eswatini,98
553,15.6,Iraq,118
554,53.2,Jordan,158
555,83.0,Curaçao,1
556,97.5,Portugal,124
557,24.4,Russian Federation,39
558,46.2,Eswatini,115
559,3.7,Mexico,184
560,96.0,Zambia,1
561,25.1,Grenada,98
562,56.9,Togo,177
563,26.9,Myanmar,95
564,86.3,Poland,84
565,4.5,Timor-Leste,110
566,94.3,Bosnia and Herzegovina,109
567,77.8,Afghanistan,196
568,44.6,Bhutan,166
569,71.0,Antigua and Barbuda,161
570,38.9,Indonesia,189
571,22.2,Fiji,1
572,61.7,Nicaragua,168
573,85.1,Senegal,70
574,22.8,Sri Lanka,3
575,97.6,Holy See (Vatican City State),48
576,34.9,Barbados,78
577,55.1,Haiti,122
578,17.7,Western Sahara,195
579,57.4,Congo,38
580,92.9,Czechia,169
581,56.2,Guernsey,76
582,66.7,Holy See (Vatican City State),170
583,69.9,Kazakhstan,126
584,2.0,Ecuador,84
585,59.3,Finland,33
586,97.1,United States Minor Outlying Islands,62
587,99.9,Armenia,0
588,56.5,Greenland,136
589,35.2,"Venezuela, Bolivarian Republic of",73
590,13.1,Jamaica,135
591,24.5,Guatemala,26
592,27.9,Guinea,81
593,38.0,Mozambique,66
594,57.5,Samoa,16
595,77.7,Cameroon,22
596,27.8,Slovakia,167
597,55.0,Serbia,85
598,71.0,Ireland,107
599,21.3,"Korea, Democratic People's Republic of",170
600,76.4,Bermuda,20
601,1.8,Guinea,167
602,30.1,Dominican Republic,132
603,97.7,"Saint Helena, Ascension and Tristan da Cunha",30
604,47.7,Uzbekistan,20
605,64.6,Somalia,88
606,38.4,"Bolivia, Plurinational State of",49
607,63.8,"Bonaire, Sint Eustatius and Saba",189
608,79.0,Kuwait,164
609,41.1,Mozambique,140
610,85.5,Saint Kitts and Nevis,100
611,70.0,Germany,65
612,94.5,French Guiana,6
613,31.0,Saint Barthélemy,43
614,11.8,Lao People's Democratic Republic,127
615,91.0,Germany,162
616,22.6,Bouvet Island,132
617,21.9,Nauru,179
618,17.3,Guinea-Bissau,176
619,4.6,"Virgin Islands, British",193
620,11.8,Senegal,156
621,35.1,"Moldova, Republic of",72
622,91.1,French Guiana,153
623,23.2,Somalia,15
624,37.4,Jersey,192
625,92.7,Bosnia and Herzegovina,6
626,17.9,Guatemala,88
627,43.2,North Macedonia,189
628,69.9,Ecuador,148
629,50.4,Ireland,26
630,18.7,Ecuador,149
631,74.5,Ukraine,66
632,52.8,Cocos (Keeling) Islands,169
633,80.8,Nigeria,184
634,75.1,Malawi,3
635,16.3,Poland,11
636,4.0,Papua New Guinea,112
637,90.7,Lithuania,14
638,88.5,Cabo Verde,127
639,49.0,"Taiwan, Province of China",22
640,46.2,Northern Mariana Islands,110
641,12.0,Croatia,68
642,82.1,"Korea, Republic of",193
643,25.4,Brazil,87
644,23.7,Rwanda,187
645,7.4,Tonga,196
646,97.8,Jamaica,90
647,7.2,Netherlands,61
648,70.8,"Saint Helena, Ascension and Tristan da Cunha",31
649,33.5,Albania,57
650,20.3,Nigeria,111
651,85.6,Bouvet Island,66
652,86.7,Christmas Island,50
653,77.3,Finland,182
654,85.8,Monaco,179
655,57.6,Kyrgyzstan,110
656,95.4,Cocos (Keeling) Islands,165
657,9.5,Zambia,179
658,91.1,Philippines,186
659,37.4,Bangladesh,30
660,79.3,Lao People's Democratic Republic,48
661,2.0,Burundi,85
662,13.0,Burundi,115
663,5.5,South Africa,116
664,82.0,British Indian Ocean Territory,1
665,27.9,Myanmar,116
666,36.7,Equatorial Guinea,132
667,62.3,Canada,97
668,29.3,Tokelau,74
669,57.4,Singapore,185
670,36.9,Pakistan,153
671,24.3,Central African Republic,44
672,54.6,Bouvet Island,184
673,68.2,Turkmenistan,111
674,97.3,"Taiwan, Province of China",50
675,50.3,Qatar,24
676,87.9,Jordan,37
677,95.5,Honduras,120
678,70.0,Saint Pierre and Miquelon,149
679,23.7,Finland,75
680,67.3,Haiti,145
681,76.1,Niger,95
682,68.0,"Micronesia, Federated States of",29
683,84.9,Hong Kong,162
684,92.6,United States Minor Outlying Islands,89
685,61.1,New Zealand,167
686,66.6,Zambia,66
687,71.7,Gambia,174
688,29.8,Estonia,66
689,18.4,Western Sahara,2
690,75.9,Sweden,137
691,12.5,Puerto Rico,106
692,53.2,Italy,34
693,78.5,Romania,165
694,71.2,Netherlands,30
695,18.2,Niger,43
696,50.7,Niue,139
697,87.0,Equatorial Guinea,35
698,75.9,Nauru,7
699,84.3,Bahamas,156
700,69.7,Namibia,124
701,93.2,Dominican Republic,9
702,53.6,Montserrat,121
703,21.2,Algeria,142
704,5.2,Zambia,72
705,90.0,Côte d'Ivoire,198
706,47.3,Curaçao,113
707,92.5,Botswana,102
708,33.2,"Taiwan, Province of China",8
709,12.6,Monaco,78
710,58.0,Cyprus,91
711,95.0,Puerto Rico,56
712,17.8,Egypt,182
713,79.2,Equatorial Guinea,67
714,51.8,Jersey,109
715,2.7,Slovenia,38
716,69.4,Bosnia and Herzegovina,5
717,94.2,Uruguay,55
718,16.8,Montenegro,175
719,95.5,Lithuania,102
720,8.2,Jordan,159
721,1.3,Jersey,85
722,27.2,Tuvalu,141
723,39.7,"Korea, Democratic People's Republic of",172
724,60.6,United Kingdom,186
725,23.8,"Venezuela, Bolivarian Republic of",155
726,30.1,Hungary,96
727,2.5,Chile,156
728,18.5,Sint Maarten (Dutch part),12
729,30.8,China,33
730,92.0,"Venezuela, Bolivarian Republic of",23
731,27.4,Suriname,155
732,54.7,Algeria,54
733,21.4,Wallis and Futuna,51
734,94.4,Isle of Man,93
735,73.9,Thailand,111
736,22.6,Gibraltar,1
737,46.0,Oman,39
738,14.5,India,126
739,67.2,Djibouti,165
740,4.1,"Micronesia, Federated States of",138
741,4.8,"Iran, Islamic Republic of",125
742,70.5,Angola,196
743,38.4,United States Minor Outlying Islands,0
744,24.2,"Micronesia, Federated States of",119
745,68.5,Chile,140
746,66.4,Latvia,74
747,64.9,Tokelau,188
748,41.4,El Salvador,98
749,8.6,Ecuador,39
750,28.2,Hong Kong,100
751,72.7,Montenegro,77
752,52.2,Saint Barthélemy,141
753,78.5,Lebanon,176
754,25.1,Burkina Faso,39
755,37.4,Netherlands,183
756,12.5,South Africa,161
757,4.6,Hong Kong,14
758,67.1,Latvia,38
759,48.6,Oman,12
760,4.6,Guernsey,193
761,38.0,Viet Nam,158
762,22.9,Malawi,31
763,45.5,Malaysia,64
764,6.8,Nigeria,95
765,95.3,Turkmenistan,150
766,54.7,French Southern Territories,112
767,77.8,Czechia,167
768,20.3,Montserrat,71
769,35.0,Niger,164
770,65.9,Aruba,147
771,64.3,Wallis and Futuna,36
772,38.0,"Taiwan, Province of China",90
773,79.8,Qatar,123
774,16.8,Croatia,66
775,98.5,Australia,27
776,67.2,Eritrea,139
777,79.6,Latvia,123
778,11.1,Guinea,108
779,15.9,Guinea-Bissau,32
780,99.8,Switzerland,114
781,63.0,Liechtenstein,75
782,78.5,Sierra Leone,177
783,31.3,France,54
784,97.0,Guatemala,28
785,57.2,Cyprus,199
786,40.4,Niger,20
787,40.2,Tokelau,39
788,34.5,"Congo, The Democratic Republic of the",13
789,59.0,Eritrea,171
790,56.4,Ecuador,36
791,78.8,"Korea, Republic of",52
792,51.6,Jordan,137
793,13.4,Saint Kitts and Nevis,59
794,62.6,Tokelau,192
795,29.2,Antigua and Barbuda,154
796,12.4,Myanmar,147
797,42.0,Russian Federation,169
798,1.7,Grenada,66
799,51.9,Austria,45
800,56.3,"Tanzania, United Republic of",140
801,37.4,Tonga,53
802,71.0,Curaçao,146
803,75.8,Trinidad and Tobago,109
804,17.2,Pitcairn,109
805,92.3,Liechtenstein,51
806,8.8,Guinea-Bissau,81
807,33.4,Barbados,53
808,93.7,Samoa,118
809,94.2,Argentina,157
810,20.5,Niue,48
811,35.6,Costa Rica,15
812,64.6,Norway,33
813,12.0,Cameroon,10
814,18.0,Northern Mariana Islands,114
815,41.7,Guinea,140
816,46.0,"Virgin Islands, U.S.",167
817,37.3,United States,121
818,38.6,Brunei Darussalam,126
819,84.3,Eritrea,135
820,9.6,Uzbekistan,22
821,85.6,"Taiwan, Province of China",107
822,26.9,Bangladesh,111
823,45.8,Mexico,54
824,69.0,Rwanda,84
825,92.4,Uzbekistan,183
826,5.7,Benin,139
827,78.5,"Palestine, State of",111
828,60.6,Russian Federation,123
829,90.0,Cook Islands,77
830,77.2,New Caledonia,58
831,32.7,Yemen,188
832,4.5,"Micronesia, Federated States of",191
833,5.9,Chile,92
834,93.2,Sierra Leone,195
835,84.6,Congo,182
836,20.1,Heard Island and McDonald Islands,104
837,36.2,Guinea,86
838,88.0,Guatemala,144
839,22.8,Fiji,63
840,8.1,Egypt,63
841,95.1,"Virgin Islands, U.S.",150
842,30.8,Ethiopia,79
843,98.6,Slovakia,122
844,97.4,Pitcairn,87
845,32.0,Sweden,164
846,74.3,Finland,73
847,66.7,Réunion,38
848,53.6,Oman,58
849,81.8,Afghanistan,45
850,99.3,New Caledonia,195
851,39.8,Gambia,138
852,67.9,Senegal,125
853,2.4,Kuwait,89
854,80.7,"Venezuela, Bolivarian Republic of",130
855,20.3,Denmark,1
856,10.1,Tunisia,75
857,10.5,Guyana,53
858,39.5,Sweden,94
859,1.5,Bahrain,4
860,72.1,Aruba,61
861,54.7,Slovenia,18
862,54.8,New Caledonia,162
863,40.1,Finland,79
864,48.5,Bulgaria,198
865,68.4,Armenia,115
866,19.5,Austria,106
867,17.2,Kazakhstan,0
868,16.6,Macao,89
869,23.7,Central African Republic,104
870,93.1,Mauritania,25
871,59.9,Sri Lanka,86
872,93.1,Bulgaria,97
873,36.7,Belize,67
874,40.2,Åland Islands,104
875,80.8,Mozambique,153
876,58.5,"Korea, Democratic People's Republic of",163
877,80.8,"Saint Helena, Ascension and Tristan da Cunha",51
878,75.3,Thailand,160
879,49.8,Christmas Island,84
880,99.1,Solomon Islands,51
881,67.6,Haiti,71
882,33.6,South Sudan,29
883,76.9,Bermuda,174
884,83.9,South Georgia and the South Sandwich Islands,117
885,42.2,Seychelles,27
886,23.9,Uruguay,84
887,23.9,United States Minor Outlying Islands,183
888,61.0,Bulgaria,64
889,19.1,Bahamas,121
890,18.0,Slovenia,147
891,41.0,Zambia,66
892,19.1,Puerto Rico,159
893,37.6,Nepal,8
894,87.0,Fiji,89
895,15.4,Yemen,31
896,8.8,Tuvalu,173
897,25.7,"Moldova, Republic of",158
898,37.8,Benin,130
899,3.8,Fiji,10
900,54.1,Côte d'Ivoire,166
901,83.7,South Georgia and the South Sandwich Islands,114
902,94.9,Mali,144
903,16.7,Poland,176
904,26.6,Cook Islands,157
905,29.3,Saint Vincent and the Grenadines,197
906,65.7,Ireland,100
907,6.3,Saint Lucia,106
908,56.7,Samoa,186
909,25.5,Panama,120
910,7.1,Eswatini,21
911,90.7,Curaçao,14
912,93.9,Sint Maarten (Dutch part),93
913,62.8,Iraq,16
914,54.0,Philippines,7
915,17.9,Saint Kitts and Nevis,197
916,65.9,Sri Lanka,196
917,65.2,Indonesia,80
918,75.1,Burundi,77
919,32.9,Suriname,188
920,99.0,United States Minor Outlying Islands,27
921,10.4,Viet Nam,11
922,20.3,Åland Islands,89
923,71.4,Austria,124
924,8.4,"Korea, Democratic People's Republic of",94
925,28.8,Mexico,188
926,30.9,Mali,78
927,97.7,"Virgin Islands, British",195
928,29.8,Guam,86
929,51.2,Libya,4
930,10.1,Curaçao,119
931,10.3,Brunei Darussalam,127
932,66.6,Afghanistan,93
933,96.1,Tuvalu,82
934,25.4,Denmark,5
935,44.3,"Virgin Islands, British",101
936,18.4,Bulgaria,102
937,63.5,Vanuatu,81
938,51.0,Syrian Arab Republic,160
939,48.6,El Salvador,59
940,93.7,Northern Mariana Islands,184
941,84.0,Bhutan,87
942,96.4,Argentina,144
943,71.7,"Iran, Islamic Republic of",198
944,89.5,Åland Islands,116
945,80.6,Vanuatu,69
946,86.4,Qatar,76
947,42.0,Libya,49
948,66.4,Bhutan,107
949,80.7,Eswatini,17
950,19.2,Algeria,70
951,25.7,Niger,93
952,68.7,Northern Mariana Islands,125
953,77.1,United States Minor Outlying Islands,129
954,26.6,Bhutan,157
955,69.6,Saint Lucia,110
956,31.6,"Virgin Islands, U.S.",49
957,5.4,Yemen,152
958,79.6,Belarus,133
959,83.2,Bouvet Island,193
960,13.7,Lebanon,93
961,38.9,Kuwait,32
962,41.9,Brazil,31
963,63.3,"Tanzania, United Republic of",167
964,68.5,Isle of Man,72
965,90.3,Uganda,28
966,2.4,Kazakhstan,96
967,37.8,Palau,120
968,93.3,"Taiwan, Province of China",114
969,29.6,Romania,153
970,68.8,South Sudan,147
971,88.4,Slovenia,83
972,8.8,Pitcairn,189
973,49.0,Lebanon,115
974,13.5,Mozambique,8
975,80.1,Guam,96
976,54.8,Pitcairn,152
977,56.9,Romania,62
978,68.6,Guadeloupe,117
979,38.7,American Samoa,128
980,72.8,Nauru,21
981,77.9,Panama,88
982,92.9,Egypt,152
983,38.3,Burundi,144
984,87.5,Ethiopia,141
985,39.6,Saint Kitts and Nevis,85
986,54.8,Ukraine,74
987,84.0,Cambodia,179
988,2.0,Argentina,45
989,45.2,Morocco,136
990,42.1,Turkey,101
991,8.4,Philippines,5
992,91.0,Bouvet Island,22
993,79.9,Ecuador,194
994,7.7,Equatorial Guinea,141
995,56.5,Marshall Islands,189
996,87.8,Burundi,90
997,79.9,Rwanda,99
998,82.1,Trinidad and Tobago,188
999,21.0,Poland,139
