id,master,valume,suppliers
0,Людмила Викторовна Самокишина,20455,138
1,Клара Федоровна Лащонова,215119,112
2,Виолетта Олеговна Саломыкина,7062,6
3,Людмила Олеговна Пакедова,249890,104
4,Елена Петровна Лановецкая,86303,56
5,Яна Леонидовна Орлягова,120894,119
6,Валентин Петрович Нецелуев,181724,83
7,Анна Яковлевна Трозанова,218440,127
8,Оксана Вадимовна Зелепцова,79285,3
9,Александра Петровна Морышова,211101,196
10,Алиса Леонидовна Саменова,30048,180
11,Вадим Борисович Лившицов,196394,43
12,Валерий Евгеньевич Антоников,72085,161
13,Аркадий Леонидович Чунтомов,53410,20
14,Елена Кирилловна Елдина,56838,67
15,Юрий Олегович Чуреков,217202,154
16,Наталья Викторовна Хижных,199096,44
17,Юлия Ивановна Мальгичева,75568,58
18,Полина Романовна Батушина,127007,128
19,Валентин Андреевич Шорин,47972,48
20,Зинаида Алексеевна Игнатычева,63593,165
21,Анна Алексеевна Сарсекеева,220943,187
22,Катерина Валерьевна Дрыганова,23178,143
23,Артур Алексиевич Озин,185826,199
24,Анастасия Ивановна Основская,42235,63
25,Роман Адамович Фергесин,143521,6
26,Алла Алексеевна Канчева,96174,17
27,Антон Евгеньевич Гневский,190942,129
28,Виталий Яковлевич Мокрянов,150910,11
29,Галина Сергеевна Драняева,82747,136
30,Кира Василевна Самохотова,242283,87
31,Ирина Евгеньевна Оголихина,208609,113
32,Владимир Василиевич Плюскин,28680,65
33,Степан Петрович Стеллецкий,92293,36
34,Андрей Алексеевич Пантелюшин,154809,47
35,Людмила Борисовна Исупова,87394,182
36,Руслан Павлович Борисанов,9292,59
37,Карина Алексеевна Куркибаева,189410,134
38,Александра Михайловна Шпунькина,142484,13
39,Леонид Игоревич Эпов,40251,198
40,Анатолий Николаевич Задерацкий,2271,69
41,Василий Николаевич Лесаев,239113,87
42,Валентина Евгеньевна Бендерина,248462,55
43,Яков Игоревич Курсонов,201126,165
44,Эдуард Яковлевич Стельмаков,214373,89
45,Андрей Адамович Пронов,80987,159
46,Михаил Евгеньевич Сморженков,24156,40
47,Михаил Николаевич Бутомин,221363,113
48,Алена Василевна Глатанова,117077,116
49,Алена Николаевна Симанькова,111113,44
50,Валентин Николаевич Мешков,185135,164
51,Илья Тимофеевич Парижский,209060,160
52,Ева Евгеньевна Барздина,155861,29
53,Кирилл Борисович Неклютин,47527,186
54,Зинаида Федоровна Болоцкая,188352,102
55,Елена Богдановна Газалиева,203744,172
56,Марина Сергеевна Маюрникова,210845,87
57,София Ивановна Кутарова,36108,160
58,Клавдия Вадимовна Беданова,50327,92
59,Борис Иванович Точилкин,167590,30
60,Людмила Романовна Чухаева,6395,164
61,Вера Романовна Кикичева,174632,196
62,Дарья Вадимовна Колюшева,9488,181
63,Алина Михайловна Устюшкина,135419,128
64,Станислав Виталиевич Сюняев,230486,102
65,Надежда Кирилловна Букуева,241984,110
66,Юлия Романовна Гончарева,223928,195
67,Клавдия Дмитриевна Кугедова,32854,156
68,Катерина Егоровна Фисейская,230581,48
69,Борис Юрьевич Бабашенков,1308,17
70,Игорь Евгеньевич Абложнов,205391,82
71,Светлана Яковлевна Чуивлина,16022,38
72,Людмила Андреевна Орлецкая,237600,141
73,Елизавета Максимовна Шагдарина,210760,92
74,Виктор Аркадиевич Бубнев,167116,86
75,Юлия Вадимовна Гунявина,248149,82
76,Владислав Яковлевич Порываев,19986,42
77,Полина Дмитриевна Лакомкина,155980,19
78,Денис Яковлевич Цикисов,95613,108
79,Яна Максимовна Жаренкова,152069,90
80,Иван Максимович Дулебов,181341,89
81,Андрей Яковлевич Гондылев,247338,178
82,Катерина Федоровна Дранина,234831,185
83,Тарас Валериевич Буканов,9021,185
84,Анастасия Богдановна Заботина,60502,13
85,Вероника Кирилловна Сокина,89184,125
86,Илья Алексеевич Пеледов,215882,113
87,Анна Андреевна Ягодкина,117420,135
88,Валерий Павлович Шубейков,52926,70
89,Денис Антонович Пипаев,12633,6
90,Василий Максимович Андреяшин,126883,67
91,Артур Игоревич Ганнушкин,72970,148
92,Пётр Яковлевич Чулюков,81694,9
93,Евгений Викторович Тычков,32905,138
94,Валерия Николаевна Банандина,49238,109
95,Алиса Яковлевна Ширковцева,234169,1
96,Дарья Валерьевна Мощалкина,223535,102
97,Кристина Кирилловна Слайкова,18032,17
98,Евгения Петровна Койсина,140628,39
99,Кристина Василевна Цолина,76376,64
100,Яна Яковлевна Пейралова,192268,35
101,Артур Алексиевич Ущановский,89132,77
102,Алена Леонидовна Амуева,128777,91
103,Владимир Максимович Кастин,191517,38
104,Алена Сергеевна Чернавина,23304,112
105,Артур Виталиевич Федорушкин,31402,113
106,Жанна Егоровна Хохрина,21268,122
107,Алена Алексеевна Псункова,58201,88
108,Тамара Валерьевна Сучанова,143109,159
109,Ксения Алексеевна Певчева,192342,53
110,Семён Игоревич Акульшин,72689,198
111,Станислав Георгиевич Шекланов,207016,171
112,Мария Василевна Барухова,130853,156
113,Максим Аркадиевич Фадюков,151490,190
114,Раиса Николаевна Шеперина,225181,135
115,Пётр Тимофеевич Гомарев,144966,170
116,Марина Михайловна Розанцева,115749,79
117,Оксана Михайловна Мошнева,134255,21
118,Станислав Данилович Петруничев,78263,146
119,Павел Данилович Папилов,90736,147
120,Любовь Николаевна Сяркина,225849,134
121,Алина Никитична Муринова,51890,64
122,Алиса Николаевна Абрызякова,173068,30
123,Ксения Егоровна Дауева,230512,5
124,Павел Аркадиевич Бурихин,218039,162
125,Анатолий Вадимович Городжанов,194578,93
126,Константин Олегович Кренев,219598,155
127,Евгения Алексеевна Мовсесова,121934,81
128,Владимир Юрьевич Дуванков,61658,25
129,Алиса Василевна Беева,83293,82
130,Михаил Виталиевич Молодавкин,185166,119
131,Виктор Яковлевич Стафашин,234581,154
132,Юрий Алексиевич Палубков,89970,158
133,Маргарита Викторовна Цурская,232034,30
134,Кристина Романовна Федецова,33089,185
135,Ольга Ивановна Сельтова,189903,199
136,Жанна Яковлевна Выгорбина,162797,152
137,Евгения Федоровна Варавина,124388,84
138,Артём Кириллович Коледов,76094,113
139,Виолетта Никитична Шидейкина,185093,141
140,Евгений Кириллович Дулинский,165841,12
141,Николай Валериевич Котнов,244646,83
142,Андрей Георгиевич Калюжнов,204346,106
143,Тарас Игоревич Леншин,30026,73
144,Георгий Алексиевич Куламазов,122354,81
145,Мария Игоревна Любикова,239912,117
146,Ксения Петровна Горбушова,41504,80
147,Артём Игоревич Пригодин,147480,171
148,Клара Егоровна Тоникова,171229,189
149,Софья Яковлевна Дежечева,40860,75
150,Никита Вадимович Бернов,126054,81
151,Катерина Кирилловна Жаферова,125203,41
152,Роман Антонович Крицкий,28120,58
153,Руслан Олегович Шугайлов,72363,36
154,Полина Аркадьевна Чистюнина,98033,88
155,Максим Вадимович Женков,242843,44
156,Лариса Кирилловна Янышева,175379,159
157,Антон Алексиевич Абряров,27888,121
158,Лариса Петровна Таликина,123964,191
159,Ирина Сергеевна Чесных,193008,78
160,Елена Николаевна Чичиланова,16019,127
161,Максим Петрович Джофаров,238043,125
162,Никита Олегович Стомеров,163024,87
163,Яна Алексеевна Мачкаева,91138,91
164,Валентина Яковлевна Тимухина,52219,189
165,Илья Василиевич Ковторов,195595,113
166,Владислав Петрович Выгодин,79481,160
167,Полина Федоровна Шетинина,156696,142
168,Степан Юриевич Вандяев,172567,104
169,Владислав Аркадиевич Растопчин,148874,0
170,Виталий Фёдорович Проистев,188442,108
171,Эдуард Борисович Капитулов,219500,160
172,Виктор Алексиевич Милицкий,218610,108
173,Борис Иванович Фальмонов,97393,85
174,Вячеслав Юриевич Шюпин,158543,127
175,Юрий Адамович Ярусский,143057,126
176,Леонид Михаилович Зоринов,111250,53
177,Надежда Ивановна Бекерева,13890,70
178,София Борисовна Дегтярова,109170,88
179,Василий Вадимович Борухин,206247,83
180,Игорь Яковлевич Ярутин,36735,161
181,Анатолий Алексиевич Евланичев,17177,28
182,Катерина Егоровна Эмерова,163656,140
183,Артур Евгеньевич Аубенцов,119524,171
184,Карина Андреевна Плошонова,245833,158
185,Владислав Михаилович Самохотнин,19319,85
186,Пётр Василиевич Танакбаев,196539,32
187,Елизавета Олеговна Огатырева,244695,32
188,Оксана Николаевна Ладикова,220767,160
189,Алексей Алексеевич Ванечкин,11028,83
190,Илья Адамович Коклюшкин,169010,103
191,Елена Вадимовна Любенцева,190630,103
192,Кристина Аркадьевна Лазукова,215681,43
193,Евгений Кириллович Сыродоев,120592,88
194,Галина Егоровна Расходина,233144,139
195,Алиса Ивановна Макаягина,224202,84
196,Степан Тимофеевич Мошкаркин,174519,58
197,Лиза Алексеевна Просянкина,96046,140
198,Мария Романовна Колоколина,103702,135
199,Светлана Аркадьевна Сумлинова,54630,2
200,Александра Андреевна Ламцова,214756,17
201,Дарья Ивановна Галушина,35673,132
202,Иван Евгеньевич Бесбабных,48706,83
203,Георгий Олегович Гнушев,39902,137
204,Алексей Георгиевич Сусеров,218946,35
205,Николай Максимович Недорезов,136788,110
206,Софья Олеговна Натачаева,205913,36
207,Валентин Алексеевич Батруков,65101,57
208,Яков Виталиевич Юртиков,64263,46
209,Оксана Ивановна Завертяева,165864,125
210,Павел Вадимович Абрамцев,78771,129
211,Валентина Борисовна Булгинова,240783,125
212,Михаил Адамович Мазилов,226096,94
213,Ольга Алексеевна Кушничева,239644,35
214,Борис Борисович Подольцев,13946,142
215,Борис Алексиевич Запечников,13850,160
216,Валентина Евгеньевна Кареканова,170568,35
217,Виктор Сергеевич Тавколов,97262,37
218,Леонид Евгеньевич Муродов,6813,79
219,Борис Алексиевич Мещегорин,192406,86
220,Вероника Михайловна Айбадулина,125889,173
221,Тарас Алексиевич Стонищев,150396,192
222,Артур Фёдорович Брызгунов,14669,102
223,Борис Василиевич Сайтумаров,111675,11
224,Юлия Борисовна Сивилова,145323,199
225,Евгений Петрович Верткин,51321,27
226,Людмила Валерьевна Порхачева,76670,83
227,Валентин Василиевич Коптяжин,122665,90
228,Александр Валериевич Перин,229645,158
229,Олег Борисович Горлинский,247674,171
230,Виктор Василиевич Имханицкий,133325,17
231,Ярослав Андреевич Красинский,120044,125
232,Валерия Андреевна Татанова,182824,47
233,Евгения Евгеньевна Сигусова,54643,37
234,Владислав Георгиевич Пановский,200692,64
235,Никита Олегович Арсеев,173297,182
236,Андрей Юриевич Елинов,71514,34
237,Олег Юриевич Бручеев,140503,32
238,Виталий Аркадиевич Комлюгин,211668,186
239,Зинаида Максимовна Манахимова,42194,147
240,Александр Денисович Шандрин,239065,191
241,Ярослав Павлович Чумбарев,240913,10
242,Альберт Вадимович Цепков,152532,198
243,Марина Петровна Байтелова,8005,132
244,Вячеслав Романович Бузмаков,90653,149
245,Вероника Федоровна Варинская,171182,125
246,Полина Егоровна Малочкина,72507,163
247,Наталья Егоровна Купрянова,195639,62
248,Денис Георгиевич Бессуднов,115981,149
249,Клавдия Игоревна Гроднева,23186,94
250,Станислав Леонидович Задорожных,169453,107
251,Никита Василиевич Заморов,238011,9
252,Оксана Игоревна Курнаева,135989,75
253,Федор Фёдорович Тойменов,101192,30
254,Артём Денисович Кудылев,246429,109
255,Людмила Никитична Полочева,42885,99
256,Алексей Алексеевич Панюшов,238450,108
257,Иван Андреевич Суховеров,142236,110
258,Ева Леонидовна Обернихина,80321,122
259,Кира Евгеньевна Сунитулина,121423,90
260,Анатолий Алексиевич Шикулин,122040,43
261,Леонид Валериевич Юговинкин,228948,140
262,Леонид Виталиевич Абалиев,171519,87
263,Константин Данилович Эскаров,97553,105
264,Герасим Виталиевич Рошковский,118471,106
265,Инна Федоровна Вторина,21641,24
266,Геннадий Кириллович Дубовников,154168,53
267,Полина Евгеньевна Несвижская,198705,18
268,Тарас Василиевич Карабутов,115501,159
269,Анастасия Николаевна Янышевская,169608,125
270,Никита Виталиевич Карамушкин,103029,177
271,Клавдия Игоревна Гергина,127652,92
272,Карина Евгеньевна Богорубова,75018,3
273,Светлана Никитична Порсина,21166,101
274,Аркадий Валериевич Ващев,208881,54
275,Тарас Иванович Бородинкин,63047,161
276,Артём Евгеньевич Хватов,190764,149
277,Виолетта Валерьевна Демихина,106403,75
278,Лиза Сергеевна Шаякбекова,185183,96
279,Степан Максимович Кошманов,39679,146
280,Анна Леонидовна Кобыткина,77796,104
281,Оксана Викторовна Залиняева,217174,115
282,Инна Алексеевна Лаверычева,31243,50
283,Семён Павлович Салинский,137846,195
284,Ирина Кирилловна Заточкина,137510,189
285,Маргарита Сергеевна Яхлакова,192944,117
286,Полина Евгеньевна Екимовская,217630,148
287,Станислав Иванович Один,31082,161
288,Лариса Валерьевна Кобринова,6974,67
289,Мария Федоровна Кадыханова,177917,60
290,Борис Аркадиевич Рурукин,204889,174
291,Анна Аркадьевна Зианперова,3255,97
292,Клара Никитична Качуркова,37719,168
293,Георгий Игоревич Цыпленков,221745,173
294,Герасим Данилович Клушанцев,125512,114
295,Кирилл Тимофеевич Горовых,118475,151
296,Ольга Борисовна Вафаева,217702,72
297,Максим Максимович Чурюхин,155010,93
298,Валерий Адамович Тормагов,240348,107
299,Надежда Борисовна Мохсина,107098,33
300,Евгения Викторовна Клеверкова,120796,86
301,Светлана Дмитриевна Шарапина,150372,147
302,Виктория Федоровна Ючкова,62628,162
303,Людмила Николаевна Наваркина,184671,91
304,Пётр Леонидович Стулев,2321,191
305,Павел Кириллович Чучуков,122514,30
306,Геннадий Юриевич Замитов,83111,47
307,Кирилл Юрьевич Котстарев,125637,194
308,София Аркадьевна Климупина,47245,14
309,Александра Евгеньевна Саралаева,26617,62
310,Мария Аркадьевна Максудова,56248,136
311,Алиса Яковлевна Нетесова,249023,48
312,Анна Ивановна Красимова,231642,167
313,Валентина Романовна Мирзаянова,130691,42
314,Вероника Дмитриевна Чивирева,214116,185
315,Софья Николаевна Трунева,62527,24
316,Артур Антонович Изотов,165277,111
317,Анастасия Кирилловна Сыреева,200443,182
318,Наталья Леонидовна Софьина,68525,119
319,Антон Иванович Хлеблдаров,56549,151
320,Алена Аркадьевна Ванацкая,54742,44
321,Антон Иванович Шихалиев,173311,141
322,Кристина Викторовна Гонецкая,142186,139
323,Игорь Валериевич Юматкин,3983,59
324,Алёна Романовна Боробова,197293,60
325,Тамара Кирилловна Наревская,86472,34
326,Валентина Богдановна Орынянская,179734,40
327,Валентин Аркадиевич Заречнов,146759,170
328,Кристина Никитична Сверткова,101935,164
329,Кирилл Виталиевич Мозгалев,225201,45
330,Алексей Вадимович Крижевский,136674,48
331,Анастасия Максимовна Рачихина,159959,45
332,Максим Леонидович Неплюев,142422,59
333,Наталья Борисовна Паршева,224989,108
334,Вадим Викторович Шалугин,99024,37
335,Оксана Игоревна Хархурина,185299,195
336,Галина Федоровна Разлючаева,208724,39
337,Борис Максимович Гамалицкий,121878,19
338,Андрей Евгеньевич Шелоханов,216249,189
339,Клавдия Борисовна Таратынова,22407,169
340,Галина Никитична Череева,13150,167
341,Алексей Павлович Буляков,136880,125
342,Павел Кириллович Нигметов,76168,183
343,Лариса Дмитриевна Аскольдова,246389,54
344,Юрий Сергеевич Чеусов,176195,196
345,Алиса Максимовна Кайтукова,82257,85
346,Яна Алексеевна Широва,32645,151
347,Юлия Вадимовна Коневских,3484,28
348,Вера Сергеевна Блинникова,39443,197
349,Константин Иванович Колабухин,150882,182
350,Дмитрий Алексиевич Шеньков,71100,29
351,Ирина Борисовна Дубихина,78014,127
352,Игорь Яковлевич Котекин,12144,101
353,Карина Богдановна Шентякова,221443,157
354,Никита Андреевич Гашенин,189502,52
355,Анна Евгеньевна Улогова,214344,95
356,Лиза Сергеевна Лавришина,190437,0
357,Пётр Максимович Коневцев,139240,159
358,Пётр Николаевич Лошадин,115116,193
359,Карина Максимовна Шуртокова,18577,187
360,Александр Петрович Ивляков,208385,181
361,Зинаида Борисовна Лошкорева,40687,196
362,Ксения Олеговна Жаткова,30186,54
363,Карина Никитична Тенлева,120370,0
364,Яков Адамович Накенденин,110145,59
365,Виктор Михаилович Шатошников,26485,2
366,Кирилл Денисович Фрумнин,231002,172
367,Клара Игоревна Богатищева,151554,145
368,Анатолий Павлович Матказин,25247,152
369,Виталий Иванович Хуторков,86345,191
370,Василий Андреевич Космачев,234739,84
371,Артур Евгеньевич Жужукин,171947,3
372,Иван Максимович Задонцев,240961,141
373,Ярослав Романович Орлянский,96634,154
374,Тамара Никитична Калюпанова,50487,123
375,Василий Иванович Поляченков,25258,78
376,Борис Юрьевич Валобуев,228788,86
377,Владимир Валериевич Ханевичев,69164,137
378,Степан Данилович Паневкин,175775,47
379,Иван Евгеньевич Хуртин,152278,195
380,Владислав Романович Каперский,187071,6
381,Кристина Игоревна Даеничева,209776,146
382,Артём Аркадиевич Которапов,239683,60
383,Артём Василиевич Куксиков,248816,151
384,Алина Евгеньевна Мажорина,101037,18
385,Геннадий Виталиевич Острогский,8228,24
386,Елизавета Игоревна Квина,78108,74
387,Анатолий Леонидович Лохмутов,249525,91
388,Евгения Олеговна Мальсагова,31453,168
389,Владислав Василиевич Буканов,104879,118
390,Павел Андреевич Пшендин,156879,10
391,Мария Сергеевна Микеева,9193,125
392,Надежда Леонидовна Трубицина,190697,92
393,Лариса Петровна Шалагина,207960,146
394,Вадим Юриевич Соркин,60872,76
395,Дарья Игоревна Корбутова,89127,113
396,Антон Игоревич Тюряев,165217,186
397,Лариса Евгеньевна Мутовская,244975,69
398,Оксана Максимовна Пигачева,15212,81
399,Алиса Ивановна Кадаева,119818,11
400,Раиса Игоревна Разгоняева,249397,145
401,Лиза Федоровна Жеревцова,43940,10
402,Аркадий Фёдорович Нарицын,116579,72
403,Кира Петровна Соковнина,61814,166
404,Анастасия Евгеньевна Филонтова,244751,32
405,Любовь Дмитриевна Шечковская,191212,143
406,Юлия Вадимовна Паевская,49912,186
407,Вероника Аркадьевна Леленкова,243314,193
408,Ирина Кирилловна Прунова,17788,174
409,Иван Василиевич Алпанов,29388,103
410,Тамара Викторовна Афатова,237809,65
411,Алёна Олеговна Лядеева,99074,137
412,Леонид Данилович Гормузев,213622,44
413,Юрий Юриевич Ленешкин,137168,58
414,Олег Олегович Вощиков,112822,15
415,Григорий Олегович Плаканов,179008,169
416,Виктория Дмитриевна Почегина,237755,162
417,Зинаида Яковлевна Уфимцева,233571,0
418,Алена Егоровна Сиразова,208048,117
419,Геннадий Олегович Дурнакин,28277,49
420,Ксения Ивановна Симорукова,246126,7
421,Роман Василиевич Камазенков,63443,109
422,Зинаида Валерьевна Симонтова,148915,93
423,Лиза Николаевна Ежнова,247298,139
424,Анна Михайловна Мусорина,116966,2
425,Кира Петровна Котявина,128404,149
426,Виктор Адамович Жежелев,109862,126
427,Евгения Ивановна Колодезева,40896,86
428,Кирилл Викторович Шавзин,159649,72
429,Алена Леонидовна Синновская,98482,116
430,Аркадий Юриевич Дохов,169889,2
431,Геннадий Олегович Яруничев,89999,187
432,Валерия Никитична Целинова,226119,153
433,Виталий Аркадиевич Дамсонов,133165,60
434,Оксана Аркадьевна Заварова,133941,37
435,Роман Игоревич Горский,169856,101
436,Алексей Адамович Кошакин,244543,88
437,Максим Иванович Шелмаков,158547,176
438,Валентин Алексиевич Епищев,84412,168
439,Любовь Федоровна Зазнатнова,67913,164
440,Катерина Кирилловна Симонтова,189896,174
441,Анна Федоровна Птицына,44303,138
442,Виолетта Егоровна Зрилова,58085,120
443,Алена Петровна Шпулева,77898,31
444,Кирилл Георгиевич Арчелков,6046,60
445,Юрий Фёдорович Маруженков,62722,170
446,Владимир Валериевич Щаев,23594,146
447,Маргарита Алексеевна Водукова,205800,168
448,Вадим Алексиевич Критаров,104712,67
449,Федор Игоревич Дохновский,19824,187
450,Тарас Михаилович Требелев,157739,73
451,Борис Николаевич Сасонский,4021,136
452,Пётр Николаевич Овцов,140064,107
453,Степан Вадимович Тащилин,3072,112
454,Кирилл Валериевич Кубланов,140479,147
455,Антон Петрович Мачеев,104546,169
456,Ирина Сергеевна Полева,209464,16
457,Артур Вадимович Струженцев,79421,110
458,Софья Романовна Халябина,184531,181
459,Алина Игоревна Лизнева,223568,106
460,Артур Петрович Каворин,127662,176
461,Артур Тимофеевич Подзираев,166577,6
462,Алексей Тимофеевич Челпанов,175317,148
463,Денис Георгиевич Шанов,69369,32
464,Станислав Валериевич Мамурин,247864,15
465,Раиса Евгеньевна Рагина,247154,151
466,Степан Викторович Куцепалов,198402,178
467,Екатерина Дмитриевна Гришанкова,44512,198
468,Оксана Николаевна Хваленкова,107322,185
469,Семён Яковлевич Левухин,209574,156
470,Евгений Евгеньевич Шарапков,121676,106
471,Вера Богдановна Курдашева,188958,59
472,Зинаида Кирилловна Телкова,224241,32
473,Наталия Федоровна Щепатова,190336,125
474,Ксения Петровна Батенская,207030,81
475,Никита Данилович Кадрычев,173847,28
476,Григорий Фёдорович Ватажин,103682,7
477,Кирилл Викторович Эркин,32217,51
478,Алиса Олеговна Птушкина,156777,170
479,Оксана Дмитриевна Ельчищева,219744,60
480,Елена Эдуардовна Перечева,39125,189
481,Валентин Тимофеевич Кеберин,156214,57
482,Дмитрий Евгеньевич Паплевин,168894,130
483,Лариса Егоровна Мрочкина,191495,190
484,Артур Евгеньевич Булкаров,239156,158
485,Марина Михайловна Левенкова,9835,171
486,Алла Федоровна Секлецова,223510,164
487,Вячеслав Георгиевич Дамшаев,53837,48
488,Евгений Тимофеевич Чмырев,23566,54
489,Илья Адамович Каклюгин,170940,138
490,Валентин Виталиевич Кульбейкин,92821,136
491,Надежда Игоревна Сигунина,164972,90
492,Василий Василиевич Михутов,130427,176
493,Наталья Михайловна Дернишина,140013,191
494,Геннадий Антонович Солдаев,162139,94
495,Эдуард Иванович Муслин,136151,149
496,Владимир Алексеевич Ванчугин,153991,126
497,Владимир Викторович Ибаев,59937,63
498,Вероника Василевна Поздняева,15123,93
499,Аркадий Данилович Барамыгин,126370,70
500,Ксения Вадимовна Мочкина,39467,91
501,Марина Игоревна Кликушина,215711,80
502,Юрий Валериевич Телюков,232352,46
503,Семён Данилович Нигров,92526,35
504,Алексей Юриевич Фалонин,135651,24
505,Кристина Федоровна Сваринская,167979,53
506,Герасим Денисович Шадричев,86067,135
507,Валерий Данилович Сагунов,94351,102
508,Евгений Адамович Пальчицкий,198782,85
509,Надежда Богдановна Каторгина,142589,194
510,Зинаида Вадимовна Ортынская,46261,79
511,Мария Сергеевна Резонкина,17736,163
512,Марина Яковлевна Князькина,151115,119
513,Валерий Вадимович Зоткин,163768,63
514,Артур Леонидович Межирицкий,242788,70
515,Валерия Леонидовна Чубашкина,107783,174
516,Юлия Романовна Малычева,216045,97
517,Наталья Викторовна Чашова,91295,63
518,Любовь Николаевна Хондогина,12100,167
519,Катерина Андреевна Вельмизева,166341,115
520,Наталья Леонидовна Дидяева,49502,103
521,Николай Юрьевич Мозлоев,202764,3
522,Андрей Игоревич Халатов,75909,1
523,Анатолий Юриевич Юровский,21012,161
524,Клавдия Богдановна Обоницкая,97206,74
525,Екатерина Романовна Хавхатова,40956,176
526,Герасим Сергеевич Маймистов,65324,108
527,Виктор Алексеевич Воловичев,198368,0
528,Яна Богдановна Прищепова,121116,104
529,Антон Юрьевич Малицин,2745,22
530,Жанна Максимовна Пятернева,124245,168
531,Никита Вадимович Мастюкин,165109,111
532,Антон Яковлевич Дощицын,228892,81
533,Ева Леонидовна Рамонова,191922,199
534,Анатолий Яковлевич Бажанов,127023,49
535,Вячеслав Петрович Нашкин,82001,115
536,Виолетта Николаевна Метнова,19996,113
537,Евгения Сергеевна Колюшкина,115379,191
538,Дмитрий Леонидович Комчатов,118246,119
539,Мария Петровна Брюхина,15172,147
540,Алла Леонидовна Падалкина,233203,58
541,Георгий Тимофеевич Шаркаев,233560,106
542,Аркадий Алексиевич Шиберин,174421,101
543,Любовь Евгеньевна Химидова,2379,16
544,Светлана Борисовна Модлина,5981,181
545,Алёна Евгеньевна Бызеева,184228,101
546,Светлана Алексеевна Копнина,42393,63
547,Федор Андреевич Базов,21991,3
548,Валерия Николаевна Савошкина,118131,35
549,Тарас Данилович Кутырев,58220,184
550,Алёна Ивановна Микшеева,47406,167
551,Владислав Данилович Михряков,35345,91
552,Наталья Петровна Чайнцева,118752,10
553,Вячеслав Николаевич Усыпин,153761,51
554,Альберт Михаилович Мендеев,116739,61
555,Роман Данилович Гоев,91758,29
556,Ксения Петровна Вдовушкина,83050,55
557,Анастасия Эдуардовна Поликашева,158394,117
558,Виолетта Эдуардовна Пустошина,221329,0
559,Лиза Никитична Хамидова,75453,93
560,Мария Игоревна Ковнацкая,197943,88
561,Алексей Виталиевич Танакин,196670,8
562,Дарья Леонидовна Шилякова,232283,136
563,Евгений Павлович Выголов,191186,189
564,Дарья Борисовна Хадбиева,197677,41
565,Анатолий Адамович Дарюнин,61185,150
566,Любовь Яковлевна Лавцова,79929,153
567,Валерия Олеговна Байбурина,106047,181
568,Виталий Сергеевич Феноменов,212612,146
569,Валентина Алексеевна Брежникова,190479,170
570,Вероника Михайловна Чабыкина,217261,128
571,Клара Сергеевна Пикайзина,213827,84
572,Инна Романовна Щипелева,53882,27
573,Михаил Фёдорович Юшин,189577,149
574,Галина Богдановна Плечова,165506,104
575,Виталий Денисович Абачин,33010,34
576,Елена Никитична Кривунова,244982,32
577,Алла Василевна Дюжинкова,96389,81
578,Юрий Сергеевич Карленков,128240,37
579,Инна Леонидовна Требнева,174529,91
580,Игорь Кириллович Лосиевский,161484,162
581,Лариса Викторовна Тортянова,97640,121
582,Ирина Викторовна Халтупина,168186,118
583,Кристина Борисовна Шиякова,56578,95
584,Федор Георгиевич Легков,87642,135
585,Валерий Антонович Замилацкий,238005,153
586,Людмила Ивановна Моргачева,158655,101
587,Ксения Ивановна Замолцева,34206,141
588,Тамара Валерьевна Рюшина,90650,66
589,Эдуард Василиевич Влазиев,198605,181
590,Юлия Петровна Волчанина,15211,31
591,Кристина Егоровна Масалыкина,124982,101
592,Константин Аркадиевич Куломзин,212367,81
593,Дарья Вадимовна Палинская,47555,48
594,Валентин Антонович Жуплев,103038,140
595,Константин Фёдорович Кочмарский,179360,150
596,Мария Алексеевна Голишева,71612,126
597,Николай Яковлевич Щетихин,194620,161
598,Карина Сергеевна Пензянцева,36139,15
599,Михаил Георгиевич Основский,113203,118
600,Вячеслав Аркадиевич Богослов,88554,119
601,София Олеговна Матеушева,223771,155
602,Александр Сергеевич Чапров,150367,95
603,Инна Романовна Глушова,230212,134
604,Павел Тимофеевич Лажинцев,182770,68
605,Алексей Вадимович Чемичов,93434,63
606,Алексей Василиевич Махеддинов,108115,159
607,Руслан Тимофеевич Аншаров,46317,39
608,Анатолий Алексеевич Клещеев,193689,48
609,Эдуард Юрьевич Теплинский,156578,188
610,Виктор Василиевич Кашляев,202814,108
611,Оксана Алексеевна Ойкина,144495,90
612,Маргарита Яковлевна Бандуркина,42076,138
613,Борис Сергеевич Давлидов,110357,14
614,Алиса Богдановна Балошина,142218,116
615,Денис Игоревич Писанецкий,75619,120
616,Кира Игоревна Щеблетова,79891,100
617,Аркадий Фёдорович Сашичев,182187,50
618,Юлия Егоровна Расторова,143542,151
619,Роман Максимович Бочалин,110632,107
620,Алла Эдуардовна Чертолина,248331,123
621,Светлана Валерьевна Живодарова,241943,177
622,Константин Михаилович Циринский,111643,131
623,Иван Олегович Кульшин,43351,150
624,Андрей Виталиевич Лагошин,64337,123
625,Кира Егоровна Арцсулова,169079,166
626,Наталья Дмитриевна Измажерова,212214,77
627,Семён Олегович Карпетский,176779,134
628,Елизавета Викторовна Скворкина,189490,195
629,Алёна Ивановна Дарымова,38431,21
630,Антон Евгеньевич Кухорев,158918,41
631,Екатерина Богдановна Хлынкова,132638,9
632,Алексей Алексиевич Манжеев,188560,173
633,Валерий Иванович Артишев,217077,67
634,Валентин Игоревич Марисов,241363,76
635,Людмила Эдуардовна Сечина,138968,3
636,Никита Антонович Изосин,50854,140
637,Любовь Кирилловна Огладина,222372,36
638,Раиса Кирилловна Заверяева,178362,159
639,Светлана Андреевна Адыкина,43022,45
640,Екатерина Евгеньевна Смашнева,113861,180
641,Артур Денисович Качапин,187954,144
642,Василий Викторович Мартынишин,75640,129
643,Александра Сергеевна Лосинская,160587,15
644,Дмитрий Романович Пожарский,121112,16
645,Елена Леонидовна Толкачева,110670,118
646,Марина Леонидовна Задыхина,34188,68
647,Оксана Петровна Дуназина,44868,128
648,Вера Михайловна Федушина,169752,188
649,Оксана Богдановна Аропова,192575,110
650,Алена Сергеевна Бауськова,193582,125
651,Раиса Егоровна Сварцова,72790,29
652,Денис Андреевич Источников,62529,81
653,Ева Леонидовна Ченыкаева,194414,12
654,Денис Борисович Ходорский,101517,11
655,Вера Олеговна Силигина,179887,79
656,Валерий Данилович Козельков,40460,154
657,Юлия Викторовна Клычихина,100758,1
658,Валерия Вадимовна Чепульская,154955,83
659,Кирилл Адамович Широких,10742,145
660,София Евгеньевна Ходжаева,94621,56
661,Роман Михаилович Салунин,186002,37
662,Зинаида Борисовна Сыскова,180516,174
663,Оксана Максимовна Шумятьева,170529,166
664,Семён Максимович Валяйкин,79333,167
665,Елизавета Эдуардовна Тарютина,127472,45
666,Федор Данилович Ватрушин,157189,154
667,Игорь Данилович Мякишов,179526,41
668,Виталий Михаилович Шароварин,144541,4
669,Андрей Алексеевич Хизов,74288,105
670,Юрий Олегович Оздарбиев,52388,137
671,Иван Василиевич Филянов,210420,116
672,Алёна Михайловна Жасминова,143536,16
673,Павел Андреевич Карандаев,81357,64
674,Константин Адамович Делисов,159945,135
675,Роман Романович Любиров,249821,53
676,Евгения Эдуардовна Икенькина,219454,15
677,Клара Андреевна Щигарева,70249,120
678,Клавдия Викторовна Мирзакаева,30981,198
679,Евгений Георгиевич Кочканов,110230,156
680,Маргарита Федоровна Чудинская,128578,135
681,Константин Алексеевич Дунников,29915,19
682,Вероника Ивановна Федотычева,112656,73
683,Федор Евгеньевич Скворкин,133690,84
684,Алина Егоровна Тушина,84496,90
685,Григорий Борисович Карнухин,104087,139
686,Анатолий Аркадиевич Лавринков,51309,78
687,Валентина Петровна Чипурилина,107753,148
688,Артём Иванович Багликов,72291,3
689,Федор Андреевич Скагин,134239,2
690,Дмитрий Викторович Рыхлицкий,110960,116
691,Кристина Егоровна Помикова,75447,26
692,Алексей Павлович Ишметов,241987,190
693,Антон Петрович Дорин,179315,6
694,Артур Василиевич Лапков,134431,7
695,Валентин Яковлевич Швещов,94832,158
696,Наталия Дмитриевна Блиничкина,169087,18
697,Вячеслав Тимофеевич Бригачев,79253,135
698,Виолетта Никитична Шампанова,52938,167
699,Мария Андреевна Нивинская,142306,124
700,Алена Василевна Михенкова,6566,1
701,Ксения Никитична Шкенева,70735,67
702,Владимир Павлович Мартьяшкин,30475,62
703,Любовь Федоровна Копралова,195229,130
704,Екатерина Евгеньевна Вархолева,225587,102
705,Семён Борисович Ветитнев,91165,157
706,Юрий Алексеевич Забатурин,2150,10
707,Эдуард Яковлевич Митфуллин,207140,22
708,Роман Викторович Динамов,39916,117
709,Лариса Алексеевна Составкина,156604,179
710,Николай Юриевич Магинский,226137,1
711,Катерина Эдуардовна Моргайкина,33661,139
712,Леонид Вадимович Гумницкий,149439,31
713,Владимир Данилович Шарапин,216266,190
714,Ольга Дмитриевна Прохницкая,46046,158
715,Жанна Никитична Кудалина,146518,164
716,Федор Олегович Ареланов,239684,84
717,Иван Тимофеевич Хадиулин,124937,134
718,Жанна Федоровна Мышьякова,68328,107
719,Денис Олегович Эстрин,66977,8
720,Илья Юриевич Сокрутанов,74810,140
721,Алина Федоровна Диманова,6390,86
722,Аркадий Виталиевич Сторожкин,10542,90
723,Алена Никитична Рошевская,144069,79
724,Зинаида Николаевна Персичкина,128118,148
725,Андрей Аркадиевич Межаков,147847,179
726,Роман Виталиевич Одегов,235087,84
727,Клара Борисовна Закарецкая,87345,101
728,Владимир Викторович Попугаев,13371,27
729,Кирилл Данилович Лулов,107994,87
730,Надежда Андреевна Покладова,188925,147
731,Валерий Викторович Санчугов,38938,145
732,Людмила Леонидовна Горанкова,70479,132
733,Геннадий Евгеньевич Ахмедеев,63806,110
734,Инна Борисовна Подпаекова,193460,37
735,Оксана Леонидовна Мендурова,83136,71
736,Ольга Егоровна Млюкова,200056,32
737,Наталия Андреевна Румнова,216149,166
738,Вячеслав Данилович Моночаров,144263,35
739,Софья Никитична Косалатова,179179,58
740,Наталья Яковлевна Митанова,42653,79
741,Инна Кирилловна Эджумова,200725,72
742,Геннадий Данилович Скубков,133376,50
743,Федор Кириллович Купринов,7176,148
744,Кирилл Романович Тразихин,237815,73
745,Катерина Богдановна Адесникова,88642,7
746,Вадим Павлович Жаричев,77003,14
747,Василий Евгеньевич Базоев,234487,146
748,Клавдия Ивановна Арзамазова,76222,70
749,Юрий Андреевич Стойлов,238985,103
750,Виталий Тимофеевич Кожанкин,196302,124
751,Руслан Виталиевич Аслезов,62037,47
752,Николай Вадимович Гумиров,125581,95
753,Станислав Алексеевич Снегов,5364,197
754,Семён Яковлевич Воровский,226511,98
755,Маргарита Василевна Мырсова,179979,123
756,Дарья Яковлевна Завалишина,26209,38
757,Артур Леонидович Тинятов,98427,84
758,Галина Максимовна Желединова,187871,137
759,Инна Богдановна Балмочных,67188,161
760,Иван Юрьевич Бодрашев,186575,115
761,Роман Кириллович Россейкин,12634,94
762,Дмитрий Николаевич Соломкин,239326,73
763,Алёна Викторовна Лобудина,74926,165
764,Лиза Борисовна Поетапова,133158,178
765,Валентин Алексеевич Совцов,173162,113
766,Юрий Алексеевич Сливков,159986,80
767,Виктория Сергеевна Ваддорова,215310,8
768,Дарья Сергеевна Куртакова,185989,7
769,Евгений Николаевич Корыстин,169431,161
770,Зинаида Никитична Коротышева,186254,167
771,Жанна Егоровна Типина,76407,56
772,Алёна Леонидовна Ленькина,149511,164
773,Юлия Алексеевна Пограчкова,63317,194
774,Полина Олеговна Чернутина,37030,144
775,Вадим Олегович Двегубский,1972,11
776,Карина Федоровна Калюкова,203882,12
777,Софья Петровна Зиминкова,234246,134
778,Лиза Василевна Иматинина,220141,46
779,Владимир Романович Шияпов,8404,92
780,Алина Викторовна Агельская,240994,59
781,Андрей Тимофеевич Рыпалев,163881,140
782,Лариса Максимовна Мусарская,201097,194
783,Антон Петрович Чекавцев,165418,103
784,Юрий Андреевич Хемлин,11620,11
785,Виталий Аркадиевич Фафонкин,228507,83
786,Софья Романовна Русова,249288,48
787,Николай Максимович Горячих,70906,78
788,Оксана Ивановна Чиканакова,172571,172
789,Виктория Кирилловна Чидирова,63414,57
790,Юрий Аркадиевич Калетов,21795,23
791,Алина Богдановна Шаролапова,188032,19
792,Эдуард Евгеньевич Моховков,131926,30
793,Валентин Леонидович Вышнов,10909,115
794,Леонид Адамович Покорев,11727,120
795,Михаил Петрович Кацепов,201221,145
796,Алёна Леонидовна Завойнина,100092,19
797,Дарья Яковлевна Кордина,228491,96
798,Артур Игоревич Елизов,14458,178
799,Оксана Максимовна Арбулиева,215003,127
800,Анна Яковлевна Сутулова,39208,46
801,Мария Сергеевна Залукова,26458,114
802,Марина Борисовна Живохина,158540,52
803,Кира Егоровна Наботова,48634,183
804,Виталий Юриевич Конюшев,101309,94
805,Кирилл Валериевич Шалапин,186629,115
806,Аркадий Викторович Спобелев,105359,14
807,Иван Алексиевич Гозданов,45609,52
808,Игорь Сергеевич Гульгускин,87582,38
809,Василий Леонидович Красихин,121493,169
810,Евгений Василиевич Талышкин,196273,105
811,Вероника Богдановна Скапкова,220650,40
812,Екатерина Эдуардовна Черебкова,218022,188
813,Андрей Иванович Богацкий,149268,50
814,Мария Андреевна Потравных,216268,105
815,Ева Романовна Боринских,244834,194
816,Алиса Леонидовна Сентерева,103451,12
817,Федор Борисович Гулютин,96817,46
818,Андрей Сергеевич Иншев,64375,179
819,Руслан Петрович Потрягин,67743,3
820,Владимир Вадимович Короев,48266,38
821,Елена Василевна Соприцкая,176185,86
822,Федор Адамович Чакушкин,185936,61
823,Вячеслав Николаевич Ведентьев,157907,44
824,Михаил Романович Кармин,222306,53
825,Константин Иванович Жабский,128952,192
826,Марина Богдановна Агафьина,131530,41
827,Зинаида Ивановна Рябогина,40548,104
828,Олег Василиевич Шуманаев,109802,141
829,Ева Петровна Мотредина,171909,132
830,Николай Михаилович Дубников,70288,98
831,Марина Федоровна Ненина,109887,80
832,Инна Сергеевна Кулешина,89965,165
833,Алиса Никитична Лишенкова,57990,49
834,Жанна Валерьевна Ануишкина,174860,185
835,Аркадий Петрович Нешин,52342,22
836,Денис Вадимович Нерюев,151423,66
837,Полина Олеговна Глинчикова,127209,55
838,Тарас Викторович Фащевский,95651,74
839,Евгения Валерьевна Зараева,194843,153
840,Светлана Николаевна Сластенина,163560,77
841,Ева Аркадьевна Бутова,168681,152
842,Николай Максимович Прибытов,244376,96
843,Пётр Олегович Абрюханов,234294,144
844,Алина Никитична Гольтова,132298,17
845,Надежда Аркадьевна Велесецкая,54850,174
846,Жанна Сергеевна Осорина,106485,176
847,Кристина Максимовна Чуксеева,130248,182
848,Ярослав Вадимович Рундаков,123773,99
849,Андрей Аркадиевич Карнюшкин,151264,61
850,Валентин Адамович Козявкин,128811,172
851,Алла Кирилловна Акубекова,246925,174
852,Василий Валериевич Кибиткин,1996,53
853,Альберт Игоревич Дубоносов,153842,197
854,Виолетта Валерьевна Моряшова,136337,151
855,Герасим Юриевич Чуманов,177373,119
856,Алина Федоровна Носина,74633,122
857,Денис Сергеевич Фентисов,137586,121
858,Андрей Юриевич Автушков,194588,38
859,Евгения Петровна Темирбаева,142561,156
860,Алла Борисовна Дибина,98456,112
861,Валентина Алексеевна Филюнина,72331,57
862,Федор Василиевич Жегличев,110997,105
863,Мария Андреевна Помяхина,12078,119
864,Герасим Яковлевич Фараджаев,159389,55
865,Андрей Денисович Шпирнов,4917,8
866,Виктория Игоревна Ихарлова,83103,31
867,Виктор Викторович Круницкий,151793,170
868,Наталия Петровна Катрасева,31594,182
869,Дмитрий Николаевич Гокарев,235164,193
870,Катерина Максимовна Гринякина,210873,154
871,Олег Игоревич Мышков,164021,97
872,Пётр Павлович Перепечкин,217706,49
873,Станислав Данилович Мисихаев,154935,63
874,Валерия Максимовна Коричева,18136,53
875,Павел Тимофеевич Журавигин,30828,117
876,Артём Данилович Янаков,111913,170
877,Николай Иванович Грахов,179973,20
878,София Вадимовна Зимова,203893,164
879,Наталья Егоровна Вырезкова,74275,89
880,Светлана Николаевна Лепоркина,141999,175
881,Жанна Богдановна Тройнина,174865,132
882,Лариса Леонидовна Балакирева,130963,94
883,Вероника Андреевна Таратуева,122351,4
884,Михаил Леонидович Горбонов,53819,37
885,Полина Федоровна Ловняева,157069,179
886,Альберт Сергеевич Джагаев,91128,194
887,Маргарита Петровна Тютчева,171194,191
888,Дарья Аркадьевна Нагорнова,194384,26
889,Алексей Евгеньевич Пластин,160556,60
890,Владислав Кириллович Твердунов,166051,127
891,Анастасия Богдановна Тулбанова,114278,138
892,Ксения Олеговна Трактирова,11595,157
893,Денис Адамович Шелачев,148379,179
894,Олег Сергеевич Кипреев,24225,2
895,Дмитрий Петрович Кубаров,106080,162
896,Андрей Вадимович Маматкулов,203979,195
897,Валентина Петровна Уласова,37753,70
898,Антон Виталиевич Правдиков,18675,47
899,Кира Максимовна Оболдуева,59054,109
900,Тарас Леонидович Шандалов,225207,18
901,Ирина Борисовна Даденкова,15789,29
902,Аркадий Вадимович Пинов,83783,153
903,Алла Леонидовна Харитошина,155766,129
904,Инна Эдуардовна Потуткова,122401,87
905,Артём Андреевич Гальперин,129974,46
906,Юрий Тимофеевич Сунаев,92312,98
907,Алексей Николаевич Учайкин,184371,197
908,Виталий Антонович Джамбанов,123110,14
909,Клавдия Егоровна Дарумова,71478,184
910,Валерий Юриевич Мотыженков,31418,30
911,Алёна Леонидовна Сандакова,65048,104
912,Тарас Алексиевич Щирский,81127,103
913,Альберт Юрьевич Солодуев,152663,56
914,Евгений Фёдорович Осычкин,68020,9
915,Надежда Олеговна Купцынова,93358,139
916,Альберт Борисович Поменский,211087,46
917,Руслан Адамович Кокушков,43001,191
918,Владислав Денисович Белеванцев,76696,122
919,Марина Андреевна Салсева,32320,48
920,Леонид Аркадиевич Мусаллямов,59137,116
921,Дмитрий Михаилович Тубарин,231675,23
922,Кристина Василевна Латригина,154577,155
923,Виталий Игоревич Милькин,141917,79
924,Алексей Юрьевич Плясов,56689,45
925,Владислав Алексеевич Неплохов,146198,99
926,Эдуард Михаилович Стыкин,78229,12
927,Федор Антонович Кокухин,132006,16
928,Елена Викторовна Гуделева,142747,95
929,Олег Сергеевич Тебякин,3513,33
930,Федор Олегович Чинкулин,27181,142
931,Павел Леонидович Чеснов,147754,96
932,Надежда Леонидовна Анина,112558,91
933,Виолетта Эдуардовна Шулепина,91641,98
934,Эдуард Алексеевич Анташов,117141,181
935,Евгения Аркадьевна Чунчинова,182519,4
936,Станислав Викторович Веньков,151537,26
937,Юрий Данилович Вохменцев,37506,177
938,Мария Петровна Эфирова,59558,108
939,Ева Романовна Арсланова,225100,26
940,Василий Алексеевич Вершинский,238003,154
941,Оксана Олеговна Мамырева,110907,105
942,Наталья Андреевна Губинская,171720,35
943,Георгий Юриевич Ботоногов,45064,193
944,Руслан Михаилович Седловский,134418,94
945,Алина Богдановна Мракоева,231520,25
946,Тамара Николаевна Гершенина,78373,118
947,Михаил Яковлевич Кербецов,159915,17
948,Максим Максимович Алексов,72599,67
949,Аркадий Василиевич Евстроков,197337,80
950,Евгений Виталиевич Билянский,180086,75
951,Валентин Антонович Грин,166869,84
952,Виталий Игоревич Русков,188583,85
953,Геннадий Юриевич Нарженков,220577,55
954,Анатолий Петрович Яйкин,25599,70
955,Валерия Эдуардовна Судьбина,15101,138
956,Алиса Михайловна Савватова,64208,119
957,Вероника Яковлевна Байрушина,102677,154
958,Ксения Яковлевна Косогорова,7293,185
959,Галина Олеговна Плугарева,151266,73
960,Алена Викторовна Згошева,48477,143
961,Дмитрий Юриевич Баховский,21911,151
962,Надежда Эдуардовна Торюшова,10888,95
963,Владимир Валериевич Нагубнев,74347,165
964,Елена Алексеевна Вохрашова,19038,82
965,Марина Игоревна Торбинская,69449,30
966,Евгения Василевна Графутина,60675,4
967,Артём Антонович Кочармин,212632,83
968,Дарья Кирилловна Черкендова,201513,69
969,Юрий Фёдорович Остроушков,137091,195
970,Борис Юриевич Худенков,6679,152
971,Екатерина Егоровна Шапуткина,104417,10
972,Альберт Денисович Цукалов,141631,155
973,Олег Алексеевич Талмазов,38277,94
974,Александр Денисович Корюгин,187227,180
975,Лариса Богдановна Курчавина,76748,16
976,Леонид Борисович Босяцкий,101747,136
977,Яна Олеговна Галиулова,112641,49
978,Дарья Игоревна Слизкова,249372,0
979,Маргарита Сергеевна Попылева,69405,46
980,Кира Егоровна Торжанова,123996,75
981,Инна Василевна Гельманова,137846,156
982,Альберт Адамович Сухорецкий,83028,162
983,Александр Антонович Гарапшин,33714,54
984,Алла Валерьевна Кузекмаева,121160,57
985,Константин Борисович Тетенькин,44483,180
986,Анастасия Андреевна Чупрякова,139523,172
987,Роман Алексеевич Ярулин,248188,165
988,Степан Николаевич Алексов,113026,3
989,Яна Яковлевна Горбушина,216869,192
990,Олег Алексеевич Будашкин,20060,174
991,Вячеслав Валериевич Бромбалов,80035,83
992,Александра Егоровна Фыгина,215403,146
993,Андрей Максимович Муржухин,183819,108
994,Ольга Аркадьевна Вальнева,160590,81
995,Ирина Игоревна Гапорцина,56257,141
996,Григорий Адамович Скагин,83272,68
997,Яков Виталиевич Пяткин,130356,126
998,Марина Валерьевна Ченоусова,186905,97
999,Анатолий Денисович Загладкин,221411,12
1000,Виолетта Андреевна Шемелина,147586,88
1001,Григорий Максимович Бутелов,82612,92
1002,Игорь Андреевич Улесов,207351,43
1003,Любовь Михайловна Сухарева,177893,89
1004,Герасим Максимович Склянин,122196,98
1005,Лариса Вадимовна Стаханская,23226,57
1006,Анатолий Адамович Лукутин,115285,5
1007,Пётр Игоревич Ряженов,116471,5
1008,Маргарита Николаевна Улукпанова,98699,158
1009,Алексей Фёдорович Меркалов,139144,165
1010,Григорий Юрьевич Рогозов,95054,44
1011,Константин Максимович Одзиляев,111655,184
1012,Анна Аркадьевна Ушахина,245999,60
1013,Руслан Василиевич Интересов,45404,40
1014,Жанна Максимовна Тюшина,209301,30
1015,Олег Валериевич Манушин,211766,150
1016,Анастасия Дмитриевна Боина,139765,143
1017,Людмила Вадимовна Диевская,185148,45
1018,Елизавета Сергеевна Бочеркова,15146,153
1019,Тарас Евгеньевич Конашников,137270,9
1020,Артур Георгиевич Шелоханов,169646,196
1021,Клара Игоревна Хагундова,178202,29
1022,Артём Юрьевич Пирков,125262,21
1023,Евгения Михайловна Тигирова,97851,108
1024,Ольга Алексеевна Варабичева,27527,142
1025,Тамара Леонидовна Панкхина,141254,41
1026,Алиса Олеговна Сиутина,221631,5
1027,Яков Данилович Путушкин,93789,13
1028,Герасим Аркадиевич Замокин,40504,89
1029,Павел Петрович Аввакумов,51336,62
1030,Жанна Сергеевна Картавова,173813,9
1031,Альберт Данилович Клиновский,174943,105
1032,Александр Игоревич Слышенков,194105,105
1033,Алла Алексеевна Шкутова,217119,121
1034,Алёна Никитична Шлобина,219123,196
1035,Полина Романовна Лылова,158304,129
1036,Софья Сергеевна Опопова,89817,58
1037,Руслан Михаилович Очищалкин,242665,131
1038,Виталий Денисович Шипунов,224830,12
1039,Алёна Яковлевна Есина,48539,120
1040,Андрей Павлович Бондарев,53888,191
1041,Вячеслав Алексиевич Кугушин,155636,21
1042,Светлана Максимовна Сармомеева,17754,9
1043,Дмитрий Яковлевич Капутин,140692,106
1044,Эдуард Тимофеевич Жаглин,211271,97
1045,Лариса Николаевна Цепова,77260,40
1046,Александр Юрьевич Золоев,200244,17
1047,Маргарита Кирилловна Ивянская,88627,89
1048,Федор Евгеньевич Андреичев,31796,131
1049,Леонид Алексеевич Волотов,19400,61
1050,Вероника Алексеевна Глуповцева,149236,199
1051,Леонид Виталиевич Круглыхин,188453,33
1052,Андрей Фёдорович Лещинский,140707,33
1053,Яков Максимович Якишин,115553,24
1054,Пётр Фёдорович Воинов,178709,135
1055,Альберт Леонидович Хонютин,190784,159
1056,Ирина Алексеевна Шкорупеева,199870,59
1057,Михаил Адамович Жусев,30315,3
1058,Наталия Вадимовна Лобенская,231989,15
1059,Надежда Богдановна Чукакина,243431,189
1060,Эдуард Валериевич Дорушенков,126568,126
1061,Любовь Никитична Ситнянская,230159,145
1062,Кристина Яковлевна Сиянкина,94111,12
1063,Александра Петровна Заколова,119111,155
1064,Ярослав Аркадиевич Венчев,209025,0
1065,Валерия Вадимовна Снурикова,34890,2
1066,Пётр Алексеевич Пролеев,165731,48
1067,Артур Максимович Гарсков,100207,152
1068,Артём Михаилович Гогольский,177329,23
1069,Дарья Игоревна Ансимова,29847,181
1070,Антон Георгиевич Мохсин,212634,5
1071,Владислав Петрович Скурлыгин,33039,85
1072,София Ивановна Сокулева,122201,105
1073,Аркадий Павлович Булкаров,198126,84
1074,Павел Николаевич Кустовский,49486,37
1075,Оксана Эдуардовна Поздняева,202642,151
1076,Светлана Борисовна Визавитина,245027,195
1077,Артём Иванович Дородкин,11120,23
1078,Вера Леонидовна Сычевская,194549,23
1079,Степан Валериевич Сунев,223739,67
1080,Виктория Валерьевна Севкова,21167,142
1081,Вера Сергеевна Панфелова,156488,71
1082,Екатерина Викторовна Рукманова,209432,82
1083,Николай Валериевич Лыткин,237005,158
1084,Мария Борисовна Гонцова,144734,174
1085,Илья Сергеевич Смотриков,93735,173
1086,Ксения Алексеевна Канарина,211488,42
1087,Геннадий Леонидович Козыкин,225029,184
1088,Алена Алексеевна Хохалина,43654,135
1089,Тарас Валериевич Белокосов,243616,149
1090,Инна Сергеевна Аверьясова,149257,181
1091,Галина Борисовна Горбаткина,110718,74
1092,Мария Борисовна Удодова,108752,27
1093,Виктор Павлович Дашдамиров,113280,4
1094,Дмитрий Иванович Гуменников,116846,38
1095,Елена Сергеевна Любавская,3107,63
1096,Юрий Василиевич Шумаров,109792,105
1097,Вячеслав Сергеевич Коссатов,49568,132
1098,Роман Романович Саланов,160222,43
1099,Валентин Павлович Звеняцкий,169829,57
1100,Светлана Егоровна Марюшина,93709,30
1101,Андрей Вадимович Петушенков,162169,172
1102,Вероника Никитична Урдуханова,62426,61
1103,Павел Леонидович Даранов,208415,170
1104,Вера Борисовна Турапина,66623,67
1105,Александр Адамович Копахов,100927,80
1106,Леонид Юриевич Ржехин,36335,69
1107,Анна Николаевна Крючина,106653,136
1108,Лариса Алексеевна Карипанова,63937,88
1109,Роман Николаевич Колесов,59344,139
1110,Артём Антонович Сохтин,105291,128
1111,Валентин Олегович Пряжинский,62768,143
1112,Раиса Вадимовна Холоимова,117827,56
1113,Надежда Ивановна Кучушева,233233,67
1114,Юрий Юрьевич Андреюшкин,24216,130
1115,Станислав Фёдорович Манаев,205992,51
1116,Илья Андреевич Эдмин,68925,160
1117,Софья Игоревна Акушина,137761,6
1118,Станислав Петрович Коричнев,104163,78
1119,Григорий Василиевич Месхатинов,183685,89
1120,Вероника Егоровна Удовкина,167481,29
1121,Валентин Тимофеевич Питаевский,242484,66
1122,Вячеслав Тимофеевич Тюшагин,131244,182
1123,Елена Федоровна Базукина,231286,33
1124,Любовь Василевна Красина,150073,145
1125,Наталья Романовна Кличева,52237,135
1126,Василий Андреевич Пичурков,4062,165
1127,Алла Дмитриевна Изумрудова,79346,166
1128,Валентин Андреевич Тупожилов,120979,7
1129,Маргарита Валерьевна Шолякова,119453,76
1130,Мария Михайловна Боронкова,43530,174
1131,Вячеслав Петрович Айнакулов,214112,32
1132,Зинаида Аркадьевна Пенова,197682,27
1133,Любовь Борисовна Пайкина,230830,137
1134,Евгения Романовна Безгерова,70131,96
1135,Кристина Евгеньевна Буторкина,12221,144
1136,Семён Фёдорович Пупочкин,99596,19
1137,Павел Георгиевич Губерниев,105762,130
1138,Валентина Николаевна Семнонова,202819,40
1139,Михаил Алексеевич Арацкий,42420,75
1140,Вадим Сергеевич Магеенков,196435,163
1141,Светлана Василевна Мосейчева,124864,142
1142,Дарья Кирилловна Немикина,213828,47
1143,Руслан Яковлевич Ратанов,161301,58
1144,Наталья Эдуардовна Гушенева,193601,24
1145,Анна Николаевна Дровнева,143919,27
1146,Клара Федоровна Тиблова,66395,139
1147,Алина Аркадьевна Шкурская,25633,176
1148,Евгения Ивановна Зиминова,30609,150
1149,Анастасия Кирилловна Изоренкова,98429,120
1150,Людмила Евгеньевна Лачконова,67629,63
1151,Станислав Викторович Левунин,23067,145
1152,Лиза Егоровна Яковлева,159270,199
1153,Евгения Викторовна Остремская,31627,165
1154,Владислав Борисович Хорошилин,144595,82
1155,Степан Антонович Гридчин,235693,141
1156,Дмитрий Максимович Вейштагин,50674,133
1157,Ксения Кирилловна Шемянская,169582,170
1158,Дмитрий Романович Машенькин,22331,169
1159,Алёна Борисовна Шароева,36552,111
1160,Артём Леонидович Шундин,92831,165
1161,Антон Игоревич Апанин,124508,80
1162,Федор Вадимович Зубряев,213544,66
1163,Виктор Валериевич Грицевский,120038,15
1164,Альберт Олегович Грамоткин,9647,178
1165,София Михайловна Шмушкина,33971,71
1166,Александр Юрьевич Беспалых,34821,9
1167,Екатерина Дмитриевна Сагадулина,158149,184
1168,Вадим Романович Бухвастов,229603,124
1169,Дарья Леонидовна Евсенекина,173234,60
1170,Жанна Игоревна Спадина,76313,123
1171,Надежда Егоровна Одиночкина,64126,36
1172,Мария Вадимовна Маркичева,249741,6
1173,Геннадий Николаевич Невлиянов,157864,39
1174,Иван Юриевич Арлетинов,137752,163
1175,Александра Викторовна Кияткина,71128,144
1176,Клавдия Алексеевна Лучина,80594,45
1177,Валерий Игоревич Опейкин,48316,92
1178,Геннадий Андреевич Бакуткин,52716,147
1179,Денис Василиевич Пырсов,54654,68
1180,Александр Олегович Шулов,191236,197
1181,Илья Алексиевич Вязков,101225,87
1182,Вероника Валерьевна Гаранцева,47866,190
1183,Виталий Максимович Бацагин,2086,194
1184,Василий Евгеньевич Щетинкин,93148,78
1185,Виктор Михаилович Табиров,243768,80
1186,Раиса Сергеевна Давлетчина,183674,112
1187,Александр Олегович Бубеев,1168,193
1188,Вадим Олегович Субботкин,155294,129
1189,Артём Василиевич Шкваров,185092,82
1190,Катерина Аркадьевна Вожелина,103686,149
1191,Ксения Ивановна Нукунова,104331,196
1192,Наталия Романовна Умеренкова,232504,22
1193,Вячеслав Иванович Рогинский,127860,114
1194,Алёна Михайловна Колгугина,33068,102
1195,Виктор Юрьевич Швытов,127369,92
1196,Роман Романович Лидванский,2326,133
1197,Константин Юриевич Шафонский,149810,100
1198,Никита Алексиевич Бакренев,215422,62
1199,Вера Вадимовна Ласицкая,14139,105
1200,Михаил Юриевич Стипикин,175654,3
1201,Тарас Алексиевич Трежинов,201971,18
1202,Аркадий Юрьевич Жидоморов,133587,28
1203,Герасим Викторович Фахутдинов,224236,27
1204,Дмитрий Денисович Халунов,187696,161
1205,Герасим Борисович Плакутин,40856,85
1206,Илья Иванович Кечаев,174367,161
1207,Денис Антонович Капнинский,153389,130
1208,Вячеслав Адамович Долбенев,192094,49
1209,Алиса Петровна Карамазова,75069,71
1210,Любовь Яковлевна Чаврина,60164,167
1211,Антон Денисович Механников,18030,187
1212,Антон Антонович Обитоцкий,89247,72
1213,Николай Юрьевич Кулебякин,30654,193
1214,Виктория Максимовна Филеева,9908,51
1215,Михаил Денисович Гребенцов,231745,109
1216,Герасим Алексеевич Кортуков,29563,119
1217,Алина Игоревна Плохова,3928,144
1218,Павел Юрьевич Ханцкаев,53460,82
1219,Яна Борисовна Умникова,29161,172
1220,Виталий Василиевич Севхаев,39016,199
1221,Алиса Валерьевна Кардюкова,84629,47
1222,Григорий Михаилович Зубавин,107557,6
1223,Жанна Вадимовна Валгузова,4498,191
1224,Зинаида Аркадьевна Уртилова,246406,19
1225,Елена Василевна Пядухова,247195,151
1226,Яков Денисович Вахромкин,67203,89
1227,Лариса Борисовна Висаева,144133,166
1228,Владислав Викторович Паспехов,101004,192
1229,Жанна Леонидовна Лугвина,22829,114
1230,Галина Кирилловна Марциншина,57212,40
1231,Виталий Тимофеевич Вырыпаев,39020,39
1232,Ирина Игоревна Колдаева,116706,115
1233,Вера Олеговна Молостова,65938,99
1234,Григорий Михаилович Дуляев,184403,31
1235,Маргарита Андреевна Поворова,81185,12
1236,Николай Валериевич Староверов,87413,109
1237,Полина Вадимовна Зюрина,48331,134
1238,Альберт Иванович Хадаров,125651,79
1239,Виталий Георгиевич Стифуткин,82463,117
1240,Любовь Леонидовна Осятинская,77713,40
1241,Раиса Эдуардовна Корязина,15517,151
1242,Андрей Максимович Зибров,202458,102
1243,Юрий Алексиевич Хорунжев,189638,17
1244,Клавдия Эдуардовна Трехова,39361,33
1245,Владимир Олегович Дашковский,30785,43
1246,Алиса Борисовна Пыжикова,206985,159
1247,Владислав Кириллович Сезонин,240396,26
1248,Анастасия Вадимовна Сметикова,177361,176
1249,Софья Максимовна Карпинская,36665,162
1250,Артур Алексеевич Торокин,139762,11
1251,Илья Андреевич Бартеньев,118004,73
1252,Станислав Юрьевич Берников,117353,190
1253,Эдуард Борисович Карузов,23536,73
1254,Марина Богдановна Хожаинова,11817,61
1255,Евгений Георгиевич Танцурин,31791,178
1256,Марина Егоровна Рахунова,9758,15
1257,Анна Василевна Лактюхина,209475,62
1258,Георгий Викторович Сигавкин,47408,133
1259,Виктория Василевна Корошкова,25154,159
1260,Алла Федоровна Кирпова,161237,168
1261,Кира Ивановна Шмыткина,144674,188
1262,Кира Петровна Печерских,153880,182
1263,Жанна Николаевна Телпина,181023,168
1264,Ольга Богдановна Потетюрина,103972,21
1265,Ксения Петровна Нарулева,128475,160
1266,Игорь Михаилович Аронин,140019,133
1267,Валентина Эдуардовна Тозорова,142432,136
1268,Эдуард Данилович Сапанков,148409,183
1269,Аркадий Максимович Песегов,240650,62
1270,Кирилл Адамович Капичев,179193,57
1271,Алина Яковлевна Храпачева,70146,163
1272,Денис Вадимович Осекин,11682,56
1273,Владислав Валериевич Ружин,5338,84
1274,Валерий Викторович Догадов,14337,148
1275,Вера Эдуардовна Резяпкина,206286,4
1276,Маргарита Кирилловна Женкова,85613,157
1277,Григорий Фёдорович Поцекин,29170,67
1278,Денис Яковлевич Аржевский,101560,76
1279,Артур Тимофеевич Ивлев,27282,143
1280,Яна Егоровна Колонина,149019,123
1281,Альберт Юриевич Бадалов,62245,83
1282,Карина Никитична Ключанская,61869,47
1283,Вячеслав Виталиевич Данилицкий,130246,111
1284,Вячеслав Фёдорович Вихирев,203602,123
1285,Денис Петрович Нотов,201642,189
1286,Ярослав Викторович Рудачихин,108847,119
1287,Валерий Тимофеевич Пырьев,122547,66
1288,Инна Михайловна Тоисова,248144,150
1289,Анастасия Богдановна Глахова,130581,63
1290,Алексей Максимович Шериганов,37963,128
1291,Евгения Ивановна Голидонова,14250,129
1292,Евгения Василевна Морзеева,172951,72
1293,Вероника Петровна Яганшина,198922,44
1294,Алла Максимовна Фаратова,108001,79
1295,Андрей Иванович Лясин,208899,128
1296,Михаил Максимович Тавровский,227459,151
1297,Владимир Данилович Сиротинкин,105724,42
1298,Яков Валериевич Денин,10609,68
1299,Василий Николаевич Флеганов,156247,164
1300,Жанна Алексеевна Ардынкина,9517,196
1301,Виталий Игоревич Зурапов,235679,78
1302,Максим Олегович Круковский,124882,111
1303,Дарья Борисовна Зафранская,10274,179
1304,Никита Борисович Гирин,15708,168
1305,Анатолий Вадимович Иванинцев,48619,85
1306,Алина Михайловна Конторина,20229,28
1307,Евгения Андреевна Магонова,147012,103
1308,Антон Антонович Килганов,117080,173
1309,Семён Василиевич Корольков,225016,45
1310,Надежда Кирилловна Засевская,157478,124
1311,Артём Михаилович Супаницкий,187084,173
1312,Тарас Валериевич Неревяткин,41717,18
1313,Валентин Максимович Ядрошников,84393,83
1314,Ксения Максимовна Акушова,109622,141
1315,Жанна Викторовна Таловская,100695,122
1316,Станислав Кириллович Гирголаев,38569,164
1317,Алена Борисовна Шешнева,241029,169
1318,Виталий Викторович Сихаев,232478,148
1319,Любовь Яковлевна Желедева,79426,44
1320,Валерий Василиевич Арофикин,197994,57
1321,Марина Богдановна Гаявская,11115,55
1322,Пётр Петрович Поселянов,70908,99
1323,Зинаида Вадимовна Марнычева,54594,4
1324,Дарья Эдуардовна Шавырнина,188840,121
1325,Ирина Евгеньевна Щиткова,135769,131
1326,Анна Ивановна Едзаева,182456,3
1327,Светлана Аркадьевна Стенюгина,24043,162
1328,Федор Алексиевич Жулев,133245,132
1329,Наталья Дмитриевна Сатышева,98665,198
1330,Артём Георгиевич Шестопятов,98894,87
1331,Дарья Игоревна Аленчева,188040,28
1332,Юрий Романович Шамшунов,190544,9
1333,Аркадий Олегович Вальнов,169004,95
1334,Павел Петрович Рысаев,85461,65
1335,Ирина Кирилловна Коменская,118084,112
1336,Елизавета Леонидовна Хоревина,41427,128
1337,Виталий Игоревич Черсков,178533,2
1338,Алексей Максимович Поликухин,93517,113
1339,Илья Фёдорович Бельтюгов,220948,31
1340,Катерина Борисовна Шулапова,183136,158
1341,Надежда Олеговна Шлиханова,209593,149
1342,Ева Вадимовна Ценина,47464,113
1343,Кристина Михайловна Синадкина,218287,48
1344,Клавдия Василевна Чекметова,81413,46
1345,Илья Алексеевич Кашелев,7949,133
1346,Яна Аркадьевна Семеина,44133,184
1347,Дмитрий Николаевич Буралев,143828,67
1348,Виолетта Валерьевна Шутодерова,16201,147
1349,Семён Вадимович Сторожевых,4712,152
1350,Кира Максимовна Баясова,53715,105
1351,Роман Сергеевич Коротенков,91012,7
1352,Семён Петрович Луканидин,106036,77
1353,Оксана Николаевна Каеткина,45309,124
1354,Елизавета Федоровна Хрунова,172575,111
1355,Роман Яковлевич Потылицын,50987,14
1356,Екатерина Викторовна Кирисова,216631,23
1357,Екатерина Евгеньевна Зрелкина,188660,184
1358,Валерий Борисович Кацов,205778,23
1359,Наталия Алексеевна Маслянцева,180206,157
1360,Юрий Антонович Ноздрачев,16906,37
1361,Семён Адамович Лезгачев,181629,139
1362,Валентина Андреевна Юницкая,29563,3
1363,Юлия Егоровна Досеева,147549,4
1364,Валерия Яковлевна Кострякова,61533,5
1365,Валерий Павлович Дымков,45276,78
1366,Руслан Фёдорович Ошин,90991,23
1367,Анна Олеговна Клеймешова,241447,13
1368,Евгений Антонович Литарский,176163,100
1369,Лариса Борисовна Сикорова,44663,149
1370,Алла Леонидовна Базынина,100591,140
1371,Константин Борисович Световидов,106224,181
1372,Валерия Егоровна Остапышина,111542,163
1373,Алексей Яковлевич Незнамов,11324,17
1374,Светлана Яковлевна Кудякова,189469,23
1375,Артём Павлович Василистов,98657,138
1376,Леонид Аркадиевич Вятков,221895,24
1377,Наталия Аркадьевна Абарисова,239536,110
1378,Кристина Викторовна Жабина,174332,28
1379,Никита Иванович Камилов,235973,166
1380,Борис Кириллович Мазиев,151928,52
1381,Виолетта Максимовна Саралаева,152679,20
1382,Антон Георгиевич Чин-Чин,90338,2
1383,Михаил Игоревич Барабарин,159453,199
1384,Вероника Максимовна Репинская,36619,22
1385,Геннадий Виталиевич Масталыгин,6702,88
1386,Наталья Андреевна Бурякова,201240,14
1387,Дмитрий Алексиевич Лацыгин,36933,40
1388,Константин Юриевич Мешеряков,30533,62
1389,Мария Ивановна Ватушкина,44358,175
1390,Альберт Кириллович Чучукалов,56311,96
1391,Юлия Игоревна Трепцева,97387,159
1392,Николай Павлович Милейшев,96766,155
1393,Валерий Василиевич Сысыхин,186677,139
1394,Кирилл Вадимович Кульбицкий,9561,156
1395,Виктория Максимовна Кожушкова,139950,37
1396,Станислав Игоревич Шеболдин,149455,195
1397,Надежда Валерьевна Увыкина,137389,3
1398,Зинаида Андреевна Бузейкина,136857,161
1399,Яков Вадимович Юрмаков,117096,155
1400,Елена Богдановна Арсютова,111943,135
1401,Дарья Василевна Летфулина,180920,11
1402,Пётр Петрович Захарушкин,136068,127
1403,Тарас Евгеньевич Шведов,20121,51
1404,Анатолий Юриевич Вахтангов,27704,93
1405,Клара Аркадьевна Слашнева,4009,124
1406,Степан Николаевич Колотиев,219936,180
1407,Галина Эдуардовна Жаднова,20872,96
1408,Ева Никитична Семеникина,95937,173
1409,Анатолий Евгеньевич Изяев,170557,165
1410,Денис Николаевич Парушкин,61279,2
1411,Валентина Василевна Сачковская,245020,16
1412,Степан Игоревич Самокаев,195034,198
1413,Вячеслав Антонович Гуднев,162020,19
1414,Игорь Романович Суматов,203541,109
1415,Елена Яковлевна Моторова,90680,6
1416,Артём Леонидович Бадашков,74346,97
1417,Тарас Василиевич Русстов,44868,52
1418,Жанна Эдуардовна Пулькова,104334,172
1419,Федор Антонович Ханукаев,98009,138
1420,Виктор Максимович Корюнов,19402,170
1421,Максим Кириллович Байнов,39999,181
1422,Маргарита Валерьевна Пусовалова,1624,178
1423,Георгий Евгеньевич Лашов,151101,49
1424,Эдуард Леонидович Кунышев,115569,126
1425,Олег Алексеевич Гаврилин,228749,58
1426,Валерия Егоровна Менькова,123859,70
1427,Яна Николаевна Хорошкеева,99021,39
1428,Валентин Андреевич Гунчев,7948,110
1429,Вероника Егоровна Гадулина,21657,39
1430,Лиза Вадимовна Колянкина,55278,141
1431,Инна Аркадьевна Мысачева,7409,26
1432,Тарас Иванович Муковкин,124957,11
1433,Олег Тимофеевич Джулаев,214988,115
1434,Алина Вадимовна Поземова,149977,9
1435,Степан Олегович Демнин,26748,187
1436,Иван Викторович Кугутов,80362,51
1437,Игорь Юрьевич Рязанов,184600,131
1438,Маргарита Богдановна Дудаева,227723,98
1439,Яков Борисович Торопков,110508,89
1440,Юлия Яковлевна Абустина,116114,137
1441,Пётр Денисович Капицин,155503,190
1442,Эдуард Василиевич Шморин,88388,72
1443,Аркадий Андреевич Капинкин,139669,76
1444,Антон Яковлевич Чекманов,193696,194
1445,Алексей Игоревич Семенютин,215587,125
1446,Клавдия Сергеевна Рустамова,160437,129
1447,Инна Аркадьевна Нискина,144145,173
1448,Иван Виталиевич Леонычев,61582,170
1449,Карина Вадимовна Щетникова,232372,43
1450,Дарья Вадимовна Мызина,90949,75
1451,Олег Василиевич Кошаров,169680,53
1452,Виталий Игоревич Алтайский,87350,165
1453,Семён Николаевич Гарсеванов,139831,115
1454,Алла Егоровна Пантелина,154728,49
1455,Павел Сергеевич Петличев,156159,34
1456,Ольга Валерьевна Саркелова,151077,166
1457,Карина Федоровна Залужская,175678,78
1458,Игорь Игоревич Наротнев,140845,128
1459,Григорий Фёдорович Бурлуцкий,221906,92
1460,Ева Романовна Цигипова,241766,196
1461,Станислав Алексеевич Дорохов,197166,162
1462,Никита Георгиевич Таршилов,20462,135
1463,Геннадий Максимович Урмакаев,92319,47
1464,Екатерина Романовна Леготкина,145469,165
1465,Карина Яковлевна Хлебакова,131759,165
1466,Пётр Евгеньевич Опевалов,77266,15
1467,Иван Леонидович Пылев,125565,191
1468,Николай Василиевич Кичаев,155333,7
1469,Вадим Павлович Климнов,2764,84
1470,Ольга Богдановна Барлина,59606,194
1471,Пётр Юрьевич Шеховцов,171249,167
1472,Яков Георгиевич Обьектов,184293,113
1473,Любовь Яковлевна Плисакова,71895,39
1474,Ксения Максимовна Охнянская,172000,123
1475,Мария Ивановна Сормаева,178498,182
1476,Семён Борисович Птаховский,31545,120
1477,Эдуард Тимофеевич Разиньков,215719,170
1478,Оксана Богдановна Клейбанова,89235,95
1479,Маргарита Никитична Челокаева,33329,167
1480,Леонид Тимофеевич Балюков,107291,48
1481,Василий Аркадиевич Коноплянин,5916,113
1482,Надежда Никитична Корченкина,11526,29
1483,Степан Викторович Траханков,231868,116
1484,Жанна Алексеевна Пелих,103883,4
1485,Антон Виталиевич Кедин,15100,110
1486,Алла Борисовна Абдулаева,150318,34
1487,Раиса Евгеньевна Асанкулова,177969,78
1488,Алина Аркадьевна Набеканова,13505,28
1489,Виталий Антонович Плоский,246603,166
1490,Алёна Вадимовна Боготова,123086,118
1491,Валерия Алексеевна Чистобаева,185985,37
1492,Георгий Алексеевич Глинков,135450,150
1493,Людмила Валерьевна Капунова,145805,176
1494,Алина Дмитриевна Кодзарева,50399,55
1495,Михаил Аркадиевич Чуримов,130383,97
1496,Николай Алексиевич Манеркин,227161,102
1497,Олег Сергеевич Кесних,105277,52
1498,Виолетта Богдановна Пудонина,45745,3
1499,Клара Ивановна Музылева,82245,75
1500,Вера Андреевна Вьючнова,14659,189
1501,Наталия Олеговна Овчинина,173102,94
1502,Вячеслав Антонович Шпынов,35022,150
1503,Аркадий Николаевич Белохонов,51454,7
1504,Зинаида Аркадьевна Поплавская,21844,9
1505,Валентина Викторовна Замилацкая,213744,83
1506,Кристина Ивановна Булмакова,78537,66
1507,Виолетта Яковлевна Коклюшкина,198299,138
1508,Карина Ивановна Алканова,241360,87
1509,Юлия Евгеньевна Чукеева,110738,44
1510,Юрий Денисович Яблонский,55979,36
1511,Артём Тимофеевич Кукшин,159085,105
1512,Игорь Олегович Джелаухов,64046,151
1513,Артём Кириллович Вереников,137762,82
1514,Андрей Денисович Звонилов,105411,90
1515,Олег Евгеньевич Дворхин,19281,97
1516,Георгий Денисович Луксин,48596,26
1517,Юлия Максимовна Агушина,5791,30
1518,София Андреевна Теребенина,75133,117
1519,Марина Василевна Евдонова,130048,90
1520,Мария Евгеньевна Кичикова,130701,46
1521,Юрий Иванович Зензинов,213984,178
1522,Алена Никитична Разаманова,164951,178
1523,Раиса Кирилловна Махрутина,171125,166
1524,Тамара Аркадьевна Добрынина,3245,36
1525,Тамара Егоровна Бормосева,136122,175
1526,Валерия Егоровна Маминова,59410,89
1527,Наталия Егоровна Мелюткина,229264,192
1528,Вадим Игоревич Мударисов,184406,21
1529,Никита Леонидович Пачкаев,14408,15
1530,Лиза Леонидовна Балдакова,39850,63
1531,Александр Романович Полупанов,196769,10
1532,Юлия Андреевна Пьянова,206056,16
1533,Виолетта Евгеньевна Цыткина,187843,164
1534,Ольга Василевна Провельева,112157,146
1535,Игорь Максимович Заморайкин,16790,59
1536,Александр Леонидович Тукаляков,137818,162
1537,Станислав Сергеевич Силенский,38940,129
1538,Никита Фёдорович Колчков,202403,88
1539,Федор Максимович Гачев,49307,182
1540,Вера Богдановна Дрогова,89976,106
1541,Ирина Борисовна Насанкина,244017,195
1542,Семён Денисович Резинских,198046,130
1543,Людмила Борисовна Петюгина,148658,154
1544,Ксения Олеговна Гарбулина,81882,151
1545,Жанна Аркадьевна Чепкина,23529,71
1546,Эдуард Денисович Мочарский,165388,20
1547,Жанна Петровна Рапетова,132976,129
1548,Галина Максимовна Махмеева,15878,93
1549,Тарас Антонович Заятдинов,137649,121
1550,Алена Евгеньевна Прорешкина,184687,154
1551,Александр Виталиевич Суряев,115868,81
1552,Клара Романовна Ашарина,30948,58
1553,Алиса Вадимовна Ямкина,217625,58
1554,Дмитрий Алексеевич Торовин,205145,107
1555,Виолетта Борисовна Голышкова,228336,189
1556,Людмила Алексеевна Ларцева,57352,86
1557,Аркадий Максимович Ладожский,114133,148
1558,Людмила Максимовна Лапердина,106112,34
1559,Анастасия Яковлевна Лобаникина,235722,18
1560,Юлия Ивановна Кустоднева,212290,77
1561,Александр Андреевич Прижимов,174572,175
1562,Тарас Данилович Кулин,90849,62
1563,Инна Яковлевна Саврацкая,7815,153
1564,Галина Сергеевна Акованова,162092,51
1565,Эдуард Сергеевич Тармонин,20399,167
1566,Клавдия Максимовна Рыбьева,71130,168
1567,Валентина Эдуардовна Илящева,127144,27
1568,Надежда Аркадьевна Живодарова,208501,3
1569,Виктор Михаилович Ржавин,187033,112
1570,Андрей Игоревич Мекшенков,8472,48
1571,Альберт Алексеевич Карчемкин,137238,69
1572,Владимир Павлович Семихин,237360,76
1573,Максим Павлович Криволапов,185412,70
1574,Надежда Алексеевна Колдакова,23463,13
1575,Руслан Леонидович Минцов,138892,58
1576,Вера Сергеевна Ларова,212792,34
1577,Тамара Вадимовна Мажитова,113571,73
1578,Алёна Николаевна Тавлуева,242011,65
1579,Любовь Викторовна Трынина,188561,151
1580,Юрий Алексеевич Хакимзянов,72126,44
1581,Лиза Романовна Литовкина,130671,81
1582,Станислав Викторович Тухтеев,34723,70
1583,Виталий Михаилович Битбин,222062,47
1584,Клара Федоровна Купряшова,198209,137
1585,Станислав Валериевич Умаров,103387,86
1586,Аркадий Викторович Мартаков,160023,74
1587,Анатолий Игоревич Нискеров,146283,86
1588,Герасим Михаилович Чебылин,70529,135
1589,Никита Георгиевич Саюшев,124469,8
1590,Пётр Павлович Веренин,6590,173
1591,Вера Андреевна Мицина,193949,84
1592,Михаил Аркадиевич Сподарев,154945,114
1593,Марина Борисовна Токмалева,92777,82
1594,Константин Петрович Енчиков,151575,121
1595,Константин Леонидович Буковнин,81172,32
1596,Тамара Алексеевна Жуленева,248461,125
1597,Герасим Яковлевич Мизякин,60178,66
1598,Софья Сергеевна Елисеева,212623,60
1599,Виктория Егоровна Абыденова,5009,16
1600,Клавдия Романовна Сачакова,178445,2
1601,Вера Алексеевна Пехтерева,136484,70
1602,Клавдия Федоровна Везеницына,162260,177
1603,Эдуард Леонидович Момзелев,78840,87
1604,Антон Петрович Хотырев,163611,70
1605,Валентина Эдуардовна Кручинская,82991,117
1606,Валерия Никитична Разбоева,210646,6
1607,Павел Леонидович Куранчев,152514,148
1608,Максим Юриевич Жарцов,45599,119
1609,Герасим Алексиевич Наколюшкин,7849,106
1610,Алиса Игоревна Гомарова,222412,109
1611,Катерина Дмитриевна Аболонина,136538,123
1612,Зинаида Дмитриевна Гурдяева,53780,152
1613,Семён Василиевич Литанов,7062,17
1614,Полина Андреевна Папахина,152089,165
1615,Федор Олегович Беленкин,62349,162
1616,Алексей Вадимович Туганов,184726,192
1617,Ксения Игоревна Пармутина,204860,183
1618,Владислав Георгиевич Мрих,212774,129
1619,Иван Максимович Курышкин,147242,10
1620,Станислав Адамович Устюшкин,44448,131
1621,Герасим Романович Бабинкин,44881,25
1622,Алексей Леонидович Вербовский,175232,198
1623,Валентина Леонидовна Тырдина,1440,116
1624,Павел Вадимович Лехницкий,197193,186
1625,Дарья Федоровна Хлюстова,195583,117
1626,Максим Алексиевич Коварский,112533,153
1627,Любовь Никитична Люхтикова,3629,60
1628,Тарас Викторович Борушков,84417,56
1629,Виолетта Игоревна Вавилычева,235176,8
1630,Светлана Федоровна Зеленичева,232348,116
1631,Елизавета Петровна Истошина,144828,156
1632,Вера Вадимовна Якимкина,62129,148
1633,Лиза Николаевна Куверчева,57404,62
1634,Вадим Аркадиевич Чапаев,69430,142
1635,Виктор Адамович Орушевский,129140,85
1636,Полина Алексеевна Делакова,50163,128
1637,Александр Георгиевич Адьютантов,176638,138
1638,Никита Николаевич Лукапцов,228119,125
1639,Пётр Николаевич Пысьченков,170512,78
1640,Раиса Ивановна Серякина,200706,55
1641,Геннадий Андреевич Молюков,67818,139
1642,Максим Василиевич Гигин,71015,42
1643,Георгий Кириллович Саадулаев,44362,116
1644,Алиса Михайловна Токтарова,182049,199
1645,Александра Олеговна Ребизова,129094,104
1646,Илья Тимофеевич Желнов,99282,120
1647,София Валерьевна Монякова,7286,0
1648,Максим Валериевич Горяин,161658,64
1649,Константин Петрович Халиев,44256,25
1650,Инна Ивановна Арфулова,120848,79
1651,Игорь Антонович Грачунов,57970,26
1652,Василий Алексиевич Скрыдлов,134859,169
1653,Аркадий Вадимович Корецкий,173750,195
1654,Валентина Никитична Бузенова,58410,116
1655,Вера Богдановна Коревина,246011,101
1656,Юрий Петрович Кирьякулов,106770,177
1657,Тамара Викторовна Белюстина,175399,115
1658,Маргарита Михайловна Брылунова,175227,51
1659,Надежда Романовна Рохманина,170065,81
1660,Артём Викторович Дыбов,210586,186
1661,Станислав Василиевич Канцарин,56645,147
1662,Владислав Петрович Памазков,131861,32
1663,Павел Иванович Зварцев,222376,195
1664,Елена Кирилловна Кликацкая,162855,148
1665,Владислав Викторович Мурманов,48336,75
1666,Жанна Егоровна Стригалева,102073,175
1667,Кристина Никитична Скандалова,127444,82
1668,Валентина Алексеевна Хрипанцева,101919,130
1669,Алина Романовна Кубликова,184661,88
1670,Эдуард Олегович Полуцкий,215697,6
1671,Марина Евгеньевна Болдина,70235,131
1672,Галина Эдуардовна Лобудина,126668,109
1673,Василий Максимович Колотиков,221996,170
1674,Ольга Викторовна Тункина,221621,54
1675,Владислав Адамович Кухов,64049,55
1676,Екатерина Борисовна Вторникова,156049,89
1677,Яков Михаилович Кибарев,209103,184
1678,Кирилл Вадимович Никашин,123938,70
1679,Кристина Борисовна Симайская,188670,185
1680,Екатерина Леонидовна Пантилеева,29241,101
1681,Александр Павлович Мунашов,234950,3
1682,Оксана Егоровна Брузгина,150287,105
1683,Максим Николаевич Мухачев,150399,34
1684,Антон Аркадиевич Петрихин,15082,69
1685,Пётр Юрьевич Урманцев,39375,137
1686,Олег Аркадиевич Рябелкин,46863,48
1687,Юлия Яковлевна Курехина,62058,83
1688,Николай Павлович Фетинов,202141,97
1689,Константин Денисович Пинигин,54014,106
1690,Михаил Олегович Жаринский,161211,99
1691,Мария Петровна Мемясова,20691,139
1692,Яна Никитична Дремлюгина,174790,73
1693,Тамара Романовна Сурмелева,61509,113
1694,Михаил Викторович Катцын,227833,77
1695,Борис Денисович Гутлин,107913,152
1696,София Романовна Кисимцева,237864,19
1697,Станислав Леонидович Тюрчев,179046,58
1698,Павел Павлович Бурдовский,6848,81
1699,Евгения Борисовна Рамочкина,93753,65
1700,Полина Олеговна Глусова,228038,64
1701,Эдуард Петрович Тимонников,153889,38
1702,Дмитрий Тимофеевич Голиорин,210145,95
1703,Илья Евгеньевич Чученков,97994,134
1704,Елизавета Николаевна Булукова,25701,82
1705,Валерия Леонидовна Цуманова,112472,35
1706,Алена Дмитриевна Бурулева,76628,180
1707,Дмитрий Андреевич Чепинев,148335,88
1708,Катерина Никитична Аврутова,18339,64
1709,Алла Яковлевна Паротькина,18466,13
1710,Светлана Кирилловна Чемадурова,204697,187
1711,Евгений Павлович Салянский,137734,38
1712,Алиса Леонидовна Корохотина,106018,107
1713,Валентин Аркадиевич Сасиков,248014,5
1714,Денис Алексеевич Чинаков,87846,28
1715,Алла Олеговна Федченкова,114926,4
1716,Руслан Георгиевич Неуймин,181504,155
1717,Геннадий Алексеевич Акуров,106965,174
1718,Любовь Максимовна Провкина,184851,136
1719,Виолетта Алексеевна Кулабина,201109,64
1720,Алла Романовна Пудалова,170835,56
1721,Федор Яковлевич Вильневчин,163629,186
1722,Леонид Михаилович Аталиков,233827,139
1723,Артём Алексеевич Грунин,239895,74
1724,Яна Яковлевна Хистева,231630,50
1725,Лариса Игоревна Бителева,192222,133
1726,Валерий Николаевич Хвалин,7315,122
1727,Эдуард Василиевич Чаклицкий,46960,119
1728,Катерина Игоревна Копылова,65208,116
1729,Елена Валерьевна Хусонова,61107,23
1730,Юрий Петрович Бочагов,124372,125
1731,Ирина Романовна Уминская,86805,2
1732,Алёна Василевна Кувалова,83685,69
1733,Дарья Яковлевна Понякова,181940,159
1734,Лиза Егоровна Китяйгина,221289,25
1735,Анна Николаевна Петюшкина,188892,168
1736,Маргарита Николаевна Ходикова,92835,68
1737,Виктор Юриевич Щипахин,238882,173
1738,Дмитрий Юрьевич Гуличев,247678,104
1739,Алина Яковлевна Поганцева,157923,153
1740,Андрей Фёдорович Алемханов,21935,91
1741,Максим Сергеевич Крушинский,31928,109
1742,Лариса Леонидовна Телеева,171010,24
1743,Ольга Эдуардовна Красутина,132871,116
1744,Алиса Егоровна Суракова,5504,132
1745,Зинаида Аркадьевна Дюпина,121315,76
1746,Георгий Яковлевич Котин,3781,66
1747,Марина Никитична Колбянова,185607,126
1748,Юрий Романович Чижов,57596,6
1749,Валентина Петровна Волосаева,238338,122
1750,Иван Игоревич Зажонский,244448,142
1751,Вячеслав Василиевич Смузиков,215915,20
1752,Клавдия Кирилловна Чилинова,93026,43
1753,Валентина Федоровна Арзина,55288,52
1754,Леонид Яковлевич Малехин,31162,147
1755,Дарья Романовна Фаминцына,189688,152
1756,Алла Романовна Бурменская,166070,108
1757,Ярослав Николаевич Кочалин,168216,137
1758,Марина Яковлевна Ахасянова,125852,177
1759,Альберт Сергеевич Агатин,12446,163
1760,Любовь Викторовна Куртюшева,176169,166
1761,Алиса Вадимовна Гетина,11300,101
1762,Наталья Романовна Сандарова,98459,11
1763,Марина Викторовна Аганеева,149374,155
1764,Елизавета Андреевна Солодова,220967,41
1765,Семён Павлович Назариков,211394,138
1766,Виталий Юрьевич Гимеин,73902,105
1767,Валерий Кириллович Бауров,203573,142
1768,Тамара Романовна Колоникина,212708,115
1769,Екатерина Кирилловна Лисюшкина,50857,168
1770,Тарас Данилович Мансуров,227869,104
1771,Роман Николаевич Колясников,83563,23
1772,Елена Романовна Люблашкина,81501,187
1773,Игорь Валериевич Толянин,43150,165
1774,Вероника Аркадьевна Цитовская,47730,159
1775,Виолетта Ивановна Велимицина,142566,5
1776,Ярослав Яковлевич Дорогайцев,150683,40
1777,Олег Павлович Леваньков,90041,190
1778,Яна Эдуардовна Петраскова,87956,92
1779,Илья Вадимович Нербаков,54063,17
1780,Наталья Петровна Готаулина,115304,59
1781,Вячеслав Иванович Смолячков,88585,55
1782,Андрей Данилович Тимашкин,129921,11
1783,Алина Федоровна Струпова,43301,74
1784,Леонид Андреевич Неев,55932,153
1785,Владислав Алексиевич Витухин,231028,41
1786,Аркадий Игоревич Сюбаев,33579,42
1787,Валерия Егоровна Гусинина,202897,107
1788,Павел Павлович Помазнов,155541,125
1789,Геннадий Алексеевич Чупяков,169028,5
1790,Наталья Дмитриевна Неветрова,35768,17
1791,Игорь Тимофеевич Лутнов,83464,198
1792,Виктория Никитична Теймурова,52882,191
1793,Лиза Ивановна Хамченкова,139465,154
1794,Пётр Николаевич Гонтюрев,115002,89
1795,Виктор Петрович Вдовенков,47019,182
1796,Дмитрий Яковлевич Подцуев,175315,35
1797,Герасим Юрьевич Логанихин,161596,14
1798,Леонид Павлович Падышев,32071,151
1799,Валентин Петрович Ясных,232153,133
1800,Екатерина Михайловна Малюхова,118181,22
1801,Виталий Иванович Поселянов,145967,199
1802,Михаил Игоревич Павлов,110781,10
1803,Евгений Виталиевич Епинин,2043,56
1804,Аркадий Игоревич Кузмишев,172544,150
1805,Алиса Михайловна Кленова,220265,82
1806,Кира Петровна Туляткина,77000,3
1807,Никита Михаилович Расулов,42159,144
1808,Вячеслав Андреевич Акубжанов,178425,192
1809,Лиза Петровна Рынская,8523,67
1810,Степан Евгеньевич Айкулов,82314,22
1811,Людмила Николаевна Киндралова,215713,94
1812,Жанна Олеговна Радойчина,63027,97
1813,Аркадий Фёдорович Зечихин,135608,74
1814,Алексей Викторович Застрогин,130933,82
1815,Евгения Михайловна Порватова,32915,24
1816,Карина Василевна Загребаева,9388,34
1817,Андрей Данилович Кармышкин,156094,199
1818,Валентин Антонович Малаханов,185243,83
1819,Елизавета Петровна Яцунская,107110,51
1820,Дарья Борисовна Подольских,124968,90
1821,Анна Леонидовна Собьянина,122632,6
1822,Геннадий Романович Абрамский,70461,126
1823,Алексей Алексиевич Томпаков,123505,123
1824,Артём Андреевич Штрахин,78693,24
1825,Пётр Алексеевич Бавин,24571,138
1826,Артур Михаилович Лиддовский,21300,107
1827,Илья Петрович Пшикин,124680,6
1828,Валерий Алексеевич Лежачих,184893,110
1829,Владимир Василиевич Салунин,129957,115
1830,Александр Петрович Сосницкий,166537,19
1831,Вячеслав Василиевич Сарнецкий,163251,153
1832,Виолетта Эдуардовна Рушенкова,186779,28
1833,Юрий Петрович Ачильдиев,199478,133
1834,Светлана Олеговна Яхеева,99760,72
1835,Пётр Максимович Макрюков,242587,41
1836,Ева Леонидовна Гузлева,196719,131
1837,Вера Андреевна Дюмаева,134248,4
1838,Инна Ивановна Садунова,24024,88
1839,Виолетта Михайловна Маншина,187975,16
1840,Артём Юриевич Обувалов,241729,38
1841,Станислав Юриевич Иманалин,18530,53
1842,Валентин Вадимович Блахов,90116,107
1843,Наталия Ивановна Курамишина,203005,97
1844,Тарас Адамович Афнатулов,123062,11
1845,Максим Яковлевич Лиличев,19966,46
1846,Людмила Никитична Бегтина,41967,121
1847,Яков Борисович Гнедов,88350,87
1848,Алексей Андреевич Лейзеров,246452,111
1849,Семён Денисович Хухриков,215613,0
1850,Наталия Аркадьевна Дынкина,225538,124
1851,Алена Ивановна Плоцкая,179470,146
1852,Роман Максимович Хахалев,204050,84
1853,Любовь Максимовна Дарина,98244,55
1854,Оксана Эдуардовна Коженева,93522,132
1855,Александра Яковлевна Челенева,95919,176
1856,Олег Алексиевич Глебашев,182130,23
1857,Любовь Леонидовна Бордешова,199832,137
1858,Анастасия Борисовна Чумокова,134333,186
1859,Антон Кириллович Абрашкин,237649,72
1860,Юрий Сергеевич Алинкин,236995,58
1861,Надежда Вадимовна Щеблеткина,40439,184
1862,Ева Андреевна Машинкова,194417,139
1863,Олег Фёдорович Колдаев,142224,81
1864,Светлана Андреевна Неугодова,213948,6
1865,Лариса Дмитриевна Утюмова,243753,151
1866,Степан Игоревич Щирский,36492,9
1867,Полина Ивановна Законова,27115,13
1868,Федор Евгеньевич Антропеев,118039,87
1869,Дарья Евгеньевна Ущаповская,68640,72
1870,Алиса Никитична Айзина,50238,115
1871,Геннадий Фёдорович Боченов,215144,108
1872,Леонид Викторович Киляшов,248235,132
1873,Софья Игоревна Кортышкова,197701,62
1874,Александра Эдуардовна Дрынкина,42332,99
1875,Тамара Олеговна Сезунова,22527,102
1876,Яков Юриевич Росторгуев,219796,0
1877,Кирилл Евгеньевич Гайтевский,25187,69
1878,Руслан Данилович Мерпин,135446,120
1879,Валерий Максимович Белявкин,5053,0
1880,Оксана Валерьевна Мишанова,165302,174
1881,Клавдия Леонидовна Келинова,41538,141
1882,Людмила Кирилловна Жиранкова,109333,184
1883,Надежда Игоревна Топчина,60257,29
1884,Елена Эдуардовна Мозторина,11863,69
1885,Павел Георгиевич Алексеев,49788,188
1886,Игорь Алексеевич Софриков,51842,103
1887,Юрий Аркадиевич Тюшкин,156215,98
1888,Алла Михайловна Андрякова,192604,172
1889,Андрей Алексеевич Кодочегов,158504,66
1890,Карина Егоровна Червоткина,171871,38
1891,Павел Вадимович Бакаляев,7017,144
1892,Вероника Кирилловна Вратская,110808,45
1893,Никита Георгиевич Сташевский,101442,148
1894,Алёна Борисовна Стеничева,35575,120
1895,Елизавета Олеговна Каначкина,133932,128
1896,Виталий Юриевич Бирчиков,246759,151
1897,Михаил Антонович Аданькин,103161,25
1898,Лиза Валерьевна Суковацина,154086,65
1899,Павел Борисович Козодоев,161588,73
1900,Анатолий Андреевич Стефанеев,183423,166
1901,Эдуард Петрович Подобнов,226043,148
1902,София Ивановна Слуянова,34261,64
1903,Роман Аркадиевич Попонников,91115,45
1904,Инна Федоровна Ленчевская,53155,137
1905,Алена Валерьевна Маршенина,16776,16
1906,Юлия Игоревна Патратьева,226499,114
1907,Надежда Петровна Сартанова,94852,194
1908,Николай Антонович Серокуров,235967,86
1909,Анастасия Ивановна Капоркина,139110,166
1910,Марина Ивановна Бастрикова,63148,31
1911,Алла Игоревна Сионкина,106578,149
1912,Юрий Алексиевич Жамалов,92250,126
1913,Андрей Виталиевич Непечатых,53135,125
1914,Владимир Юриевич Журцев,83722,160
1915,Яна Алексеевна Голомнова,177601,124
1916,Иван Игоревич Ивашуров,8248,56
1917,Лариса Валерьевна Андашова,85907,32
1918,Светлана Леонидовна Сметкина,124808,31
1919,Станислав Павлович Кочуркин,199039,12
1920,Алиса Петровна Унюшкина,33705,9
1921,Максим Андреевич Гошинский,177329,84
1922,Ксения Николаевна Коншина,200460,159
1923,Полина Богдановна Балбихина,55467,67
1924,Артём Юрьевич Пануров,136644,141
1925,Жанна Николаевна Слабова,100528,175
1926,Маргарита Аркадьевна Пыльгина,92931,11
1927,Виталий Аркадиевич Тмалинин,140524,3
1928,Алла Кирилловна Ходченкова,155380,155
1929,Максим Леонидович Солодунин,63859,111
1930,Софья Кирилловна Костюлина,126067,163
1931,Никита Максимович Кочандыков,144882,89
1932,Владислав Леонидович Пузырьков,34675,63
1933,Кирилл Юрьевич Коркешкин,182792,193
1934,Николай Борисович Кабанин,103457,48
1935,Дмитрий Юриевич Марышев,94784,144
1936,Иван Иванович Ионьшин,206335,125
1937,Игорь Василиевич Солин,36118,110
1938,Леонид Антонович Дуксин,162710,3
1939,Андрей Николаевич Алмасов,15153,51
1940,Елизавета Михайловна Шаронкина,81347,78
1941,Виктория Николаевна Бусева,145888,93
1942,Семён Алексиевич Нургамеев,156102,124
1943,Ярослав Андреевич Канягин,188967,3
1944,Станислав Георгиевич Кутырев,249373,177
1945,Марина Федоровна Черемунина,88487,157
1946,Альберт Валериевич Агапитов,116464,3
1947,Алиса Евгеньевна Курнова,208555,19
1948,Марина Богдановна Агратина,195392,163
1949,Тарас Евгеньевич Трунченков,196239,135
1950,Олег Алексеевич Перемыкин,69973,163
1951,Людмила Кирилловна Стеклова,122465,115
1952,Дарья Кирилловна Баклина,218247,149
1953,Яна Валерьевна Юсибова,38567,72
1954,Алена Олеговна Трешенкова,215336,92
1955,Кира Николаевна Брашникова,61137,102
1956,Георгий Кириллович Балелин,94695,65
1957,Эдуард Виталиевич Угожаев,179906,59
1958,Никита Юриевич Юрин,12518,128
1959,Тамара Кирилловна Полетыкина,153748,109
1960,Игорь Алексиевич Кувычкин,24396,65
1961,Михаил Игоревич Аплоцин,190556,56
1962,Оксана Петровна Стаценина,146236,2
1963,Станислав Фёдорович Бизиков,105187,116
1964,Руслан Кириллович Каредин,242043,130
1965,Полина Егоровна Зеленецкая,196864,111
1966,Марина Игоревна Чиверева,131519,181
1967,Инна Леонидовна Волышева,124949,55
1968,Федор Георгиевич Братских,84488,41
1969,Валентина Яковлевна Жертовская,5125,174
1970,Галина Олеговна Свинчакова,168185,108
1971,Антон Яковлевич Мешканцев,198872,126
1972,Елена Вадимовна Закруткина,2884,146
1973,Евгений Денисович Ухабов,121832,134
1974,Игорь Евгеньевич Баранихин,101689,27
1975,Геннадий Юриевич Запенин,112762,8
1976,Михаил Валериевич Кузенев,27245,23
1977,Аркадий Данилович Половецкий,188431,191
1978,Василий Юрьевич Шамонаев,236328,181
1979,Софья Петровна Комардеева,118747,184
1980,Любовь Викторовна Щельцына,75856,30
1981,Владимир Яковлевич Синдирев,167659,18
1982,Илья Павлович Латышков,37363,50
1983,Герасим Николаевич Брыковский,246819,177
1984,Алёна Викторовна Хиврина,92184,70
1985,Екатерина Яковлевна Тугузбаева,66694,44
1986,Руслан Игоревич Сагандуков,132508,40
1987,Владимир Данилович Юзин,196622,82
1988,Эдуард Данилович Ситдиков,63859,128
1989,Лиза Дмитриевна Шкураева,117796,186
1990,Елизавета Егоровна Форнякова,88275,110
1991,Эдуард Игоревич Авсейков,52767,63
1992,Роман Денисович Мухарямов,227423,75
1993,Ксения Романовна Тумачева,73290,123
1994,Эдуард Петрович Иохин,185309,163
1995,Светлана Ивановна Кудактина,222169,61
1996,Эдуард Яковлевич Ложиков,9987,182
1997,Аркадий Борисович Акулиничев,21925,106
1998,Юлия Яковлевна Акфимова,84567,26
1999,Яков Тимофеевич Любутский,81103,109
